protocol,flow_duration,mean_forward_iat,min_forward_iat,max_forward_iat,std_forward_iat,mean_backward_iat,min_backward_iat,max_backward_iat,std_backward_iat,mean_flow_iat,min_flow_iat,max_flow_iat,std_flow_iat,mean_active_time,min_active_time,max_active_time,std_active_time,mean_idle_time,min_idle_time,max_idle_time,std_idle_time,Prediction
46,89581.7494,127.0663112,9.54e-07,3964.966707,202.0971625,0.0,0.0,0.0,0.0,127.0663112,9.54e-07,3964.966707,202.0971625,0.229294086,9.54e-07,0.979063988,0.20635067,136.5404177,1.163759947,3964.966707,206.4040366,Normal Traffic
46,89581.74894,0.0,0.0,0.0,0.0,139.7531185,0.000421047,3964.966706,226.4186801,139.7531185,0.000421047,3964.966706,226.4186801,0.328655978,0.000421047,0.988042116,0.239902641,148.0494501,1.013289928,3964.966706,230.4134953,Normal Traffic
46,89587.77057,128.7180612,1.000138998,3972.278732,194.8429394,0.0,0.0,0.0,0.0,128.7180612,1.000138998,3972.278732,194.8429394,0.0,0.0,0.0,0.0,128.7180612,1.000138998,3972.278732,194.8429394,Normal Traffic
46,89587.85676,0.0,0.0,0.0,0.0,135.1249725,1.000146866,3972.278262,205.8712097,135.1249725,1.000146866,3972.278262,205.8712097,0.0,0.0,0.0,0.0,135.1249725,1.000146866,3972.278262,205.8712097,Normal Traffic
46,58159.90218,6.122094966,0.604315996,60.00047493,5.687281917,0.0,0.0,0.0,0.0,6.122094966,0.604315996,60.00047493,5.687281917,0.995553895,0.604315996,0.999992132,0.027600295,6.578740892,1.000003815,60.00047493,5.716354618,Normal Traffic
46,58159.90219,0.0,0.0,0.0,0.0,6.788037137,0.604321957,367.530772,15.90893292,6.788037137,0.604321957,367.530772,15.90893292,0.995387997,0.604321957,0.999996901,0.028801293,7.313032833,1.000001907,367.530772,16.51410315,Normal Traffic
46,0.0,0.0,0.0,0.0,0.0,0.0,0.0,0.0,0.0,0.0,0.0,0.0,0.0,0.0,0.0,0.0,0.0,0.0,0.0,0.0,0.0,DDoS Traffic
46,0.0,0.0,0.0,0.0,0.0,0.0,0.0,0.0,0.0,0.0,0.0,0.0,0.0,0.0,0.0,0.0,0.0,0.0,0.0,0.0,0.0,DDoS Traffic
46,87749.98992,1867.021062,410.7252898,6146.629492,770.7283632,0.0,0.0,0.0,0.0,1867.021062,410.7252898,6146.629492,770.7283632,0.0,0.0,0.0,0.0,1867.021062,410.7252898,6146.629492,770.7283632,Normal Traffic
46,87749.98941,0.0,0.0,0.0,0.0,1994.317941,410.725287,6146.629477,1016.936726,1994.317941,410.725287,6146.629477,1016.936726,0.0,0.0,0.0,0.0,1994.317941,410.725287,6146.629477,1016.936726,Normal Traffic
46,0.325955153,0.325955153,0.325955153,0.325955153,0.0,0.0,0.0,0.0,0.0,0.325955153,0.325955153,0.325955153,0.0,0.325955153,0.325955153,0.325955153,0.0,0.0,0.0,0.0,0.0,DDoS Traffic
46,0.0,0.0,0.0,0.0,0.0,0.0,0.0,0.0,0.0,0.0,0.0,0.0,0.0,0.0,0.0,0.0,0.0,0.0,0.0,0.0,0.0,DDoS Traffic
46,0.0,0.0,0.0,0.0,0.0,0.0,0.0,0.0,0.0,0.0,0.0,0.0,0.0,0.0,0.0,0.0,0.0,0.0,0.0,0.0,0.0,DDoS Traffic
46,0.0,0.0,0.0,0.0,0.0,0.0,0.0,0.0,0.0,0.0,0.0,0.0,0.0,0.0,0.0,0.0,0.0,0.0,0.0,0.0,0.0,DDoS Traffic
46,0.0,0.0,0.0,0.0,0.0,0.0,0.0,0.0,0.0,0.0,0.0,0.0,0.0,0.0,0.0,0.0,0.0,0.0,0.0,0.0,0.0,DDoS Traffic
46,0.0,0.0,0.0,0.0,0.0,0.0,0.0,0.0,0.0,0.0,0.0,0.0,0.0,0.0,0.0,0.0,0.0,0.0,0.0,0.0,0.0,DDoS Traffic
46,87814.92863,14635.82144,5789.879224,27655.13008,8066.201274,0.0,0.0,0.0,0.0,14635.82144,5789.879224,27655.13008,8066.201274,0.0,0.0,0.0,0.0,14635.82144,5789.879224,27655.13008,8066.201274,Normal Traffic
46,87814.92865,0.0,0.0,0.0,0.0,14635.82144,5789.879208,27655.13008,8066.201278,14635.82144,5789.879208,27655.13008,8066.201278,0.0,0.0,0.0,0.0,14635.82144,5789.879208,27655.13008,8066.201278,Normal Traffic
46,89465.4604,118.4972985,0.86057806,4187.731826,183.5648953,0.0,0.0,0.0,0.0,118.4972985,0.86057806,4187.731826,183.5648953,0.896017492,0.86057806,0.933706999,0.026071539,119.1236702,1.099607944,4187.731826,183.8518138,Normal Traffic
46,89465.4604,0.0,0.0,0.0,0.0,127.9906443,0.860569954,4187.73182,202.7995034,127.9906443,0.860569954,4187.73182,202.7995034,0.896015763,0.860569954,0.933709145,0.026074528,128.7221242,1.09961009,4187.73182,203.1522635,Normal Traffic
46,64650.43538,32325.21769,8796.511654,55853.92373,23528.70604,0.0,0.0,0.0,0.0,32325.21769,8796.511654,55853.92373,23528.70604,0.0,0.0,0.0,0.0,32325.21769,8796.511654,55853.92373,23528.70604,Normal Traffic
46,64650.43539,0.0,0.0,0.0,0.0,64650.43539,64650.43539,64650.43539,0.0,64650.43539,64650.43539,64650.43539,0.0,0.0,0.0,0.0,0.0,64650.43539,64650.43539,64650.43539,0.0,Normal Traffic
46,0.0,0.0,0.0,0.0,0.0,0.0,0.0,0.0,0.0,0.0,0.0,0.0,0.0,0.0,0.0,0.0,0.0,0.0,0.0,0.0,0.0,DDoS Traffic
46,0.0,0.0,0.0,0.0,0.0,0.0,0.0,0.0,0.0,0.0,0.0,0.0,0.0,0.0,0.0,0.0,0.0,0.0,0.0,0.0,0.0,DDoS Traffic
46,0.0,0.0,0.0,0.0,0.0,0.0,0.0,0.0,0.0,0.0,0.0,0.0,0.0,0.0,0.0,0.0,0.0,0.0,0.0,0.0,0.0,DDoS Traffic
46,0.0,0.0,0.0,0.0,0.0,0.0,0.0,0.0,0.0,0.0,0.0,0.0,0.0,0.0,0.0,0.0,0.0,0.0,0.0,0.0,0.0,DDoS Traffic
46,0.0,0.0,0.0,0.0,0.0,0.0,0.0,0.0,0.0,0.0,0.0,0.0,0.0,0.0,0.0,0.0,0.0,0.0,0.0,0.0,0.0,DDoS Traffic
46,0.0,0.0,0.0,0.0,0.0,0.0,0.0,0.0,0.0,0.0,0.0,0.0,0.0,0.0,0.0,0.0,0.0,0.0,0.0,0.0,0.0,DDoS Traffic
46,89302.39587,720.1806118,2.073932171,6016.467111,841.583639,0.0,0.0,0.0,0.0,720.1806118,2.073932171,6016.467111,841.583639,0.0,0.0,0.0,0.0,720.1806118,2.073932171,6016.467111,841.583639,Normal Traffic
46,89302.39587,0.0,0.0,0.0,0.0,750.4403014,2.073925972,6016.467121,856.4796189,750.4403014,2.073925972,6016.467121,856.4796189,0.0,0.0,0.0,0.0,750.4403014,2.073925972,6016.467121,856.4796189,Normal Traffic
46,36569.00437,1406.500168,50.93961,6576.697864,1551.640579,0.0,0.0,0.0,0.0,1406.500168,50.93961,6576.697864,1551.640579,0.0,0.0,0.0,0.0,1406.500168,50.93961,6576.697864,1551.640579,Normal Traffic
46,36569.00438,0.0,0.0,0.0,0.0,1523.708516,50.93961,7869.658773,1829.064912,1523.708516,50.93961,7869.658773,1829.064912,0.0,0.0,0.0,0.0,1523.708516,50.93961,7869.658773,1829.064912,Normal Traffic
46,33801.32455,1056.291392,0.189308167,7001.704298,1688.34189,0.0,0.0,0.0,0.0,1056.291392,0.189308167,7001.704298,1688.34189,0.200081259,0.189308167,0.218468904,0.00883675,2112.382703,268.5818961,7001.704298,1862.88458,Normal Traffic
46,33801.1341,0.0,0.0,0.0,0.0,2253.40894,268.7924139,7394.498142,1936.721148,2253.40894,268.7924139,7394.498142,1936.721148,0.0,0.0,0.0,0.0,2253.40894,268.7924139,7394.498142,1936.721148,Normal Traffic
46,89451.2976,155.2973917,0.974884987,4186.307068,229.6299048,0.0,0.0,0.0,0.0,155.2973917,0.974884987,4186.307068,229.6299048,0.979002476,0.974884987,0.983119965,0.004117489,155.8350864,1.020771027,4186.307068,229.8485495,Normal Traffic
46,89451.29761,0.0,0.0,0.0,0.0,166.2663524,0.974884987,4186.307063,243.8117399,166.2663524,0.974884987,4186.307063,243.8117399,0.979009986,0.974884987,0.983134985,0.004124999,166.8830962,1.020777941,4186.307063,244.0566549,Normal Traffic
46,34431.54408,11477.18136,2574.273173,26751.81568,10850.11708,0.0,0.0,0.0,0.0,11477.18136,2574.273173,26751.81568,10850.11708,0.0,0.0,0.0,0.0,11477.18136,2574.273173,26751.81568,10850.11708,Normal Traffic
46,34431.54408,0.0,0.0,0.0,0.0,11477.18136,2574.273153,26751.81571,10850.1171,11477.18136,2574.273153,26751.81571,10850.1171,0.0,0.0,0.0,0.0,11477.18136,2574.273153,26751.81571,10850.1171,Normal Traffic
46,2757.219266,2757.219266,2757.219266,2757.219266,0.0,0.0,0.0,0.0,0.0,2757.219266,2757.219266,2757.219266,0.0,0.0,0.0,0.0,0.0,2757.219266,2757.219266,2757.219266,0.0,Normal Traffic
46,0.0,0.0,0.0,0.0,0.0,0.0,0.0,0.0,0.0,0.0,0.0,0.0,0.0,0.0,0.0,0.0,0.0,0.0,0.0,0.0,0.0,DDoS Traffic
22,71839.14209,23946.3807,23886.76209,24023.35062,57.09587046,0.0,0.0,0.0,0.0,23946.3807,23886.76209,24023.35062,57.09587046,0.0,0.0,0.0,0.0,23946.3807,23886.76209,24023.35062,57.09587046,Normal Traffic
22,71839.14206,0.0,0.0,0.0,0.0,23946.38069,23886.76208,24023.35061,57.09587029,23946.38069,23886.76208,24023.35061,57.09587029,0.0,0.0,0.0,0.0,23946.38069,23886.76208,24023.35061,57.09587029,Normal Traffic
46,89197.51756,3430.673752,0.220303059,11423.72633,3825.773285,0.0,0.0,0.0,0.0,3430.673752,0.220303059,11423.72633,3825.773285,0.249172559,0.220303059,0.283071995,0.01726444,6861.098332,2691.987846,11423.72633,2395.298909,Normal Traffic
46,89197.25212,0.0,0.0,0.0,0.0,7433.104343,2692.217424,15278.92196,3415.268695,7433.104343,2692.217424,15278.92196,3415.268695,0.0,0.0,0.0,0.0,7433.104343,2692.217424,15278.92196,3415.268695,Normal Traffic
46,37002.07887,4625.259859,687.646039,16070.21187,4975.711179,0.0,0.0,0.0,0.0,4625.259859,687.646039,16070.21187,4975.711179,0.0,0.0,0.0,0.0,4625.259859,687.646039,16070.21187,4975.711179,Normal Traffic
46,37002.07887,0.0,0.0,0.0,0.0,4625.259859,687.6460481,16070.21186,4975.711176,4625.259859,687.6460481,16070.21186,4975.711176,0.0,0.0,0.0,0.0,4625.259859,687.6460481,16070.21186,4975.711176,Normal Traffic
46,89286.72973,2349.650782,474.9120541,7751.619914,1309.988905,0.0,0.0,0.0,0.0,2349.650782,474.9120541,7751.619914,1309.988905,0.0,0.0,0.0,0.0,2349.650782,474.9120541,7751.619914,1309.988905,Normal Traffic
46,89286.72974,0.0,0.0,0.0,0.0,2626.080286,474.9120569,7751.61991,1518.837464,2626.080286,474.9120569,7751.61991,1518.837464,0.0,0.0,0.0,0.0,2626.080286,474.9120569,7751.61991,1518.837464,Normal Traffic
46,89287.35409,92.23900216,0.013134003,4397.753011,162.041889,0.0,0.0,0.0,0.0,92.23900216,0.013134003,4397.753011,162.041889,0.419560396,0.013134003,0.958106041,0.326496072,93.48890032,1.131258011,4397.753011,162.7841456,Normal Traffic
46,89287.3541,0.0,0.0,0.0,0.0,98.55116346,0.088933945,4397.752997,177.8788996,98.55116346,0.088933945,4397.752997,177.8788996,0.453423421,0.088933945,0.958117962,0.317133019,99.86791165,1.144153833,4397.752997,178.7028479,Normal Traffic
46,42664.67498,42664.67498,42664.67498,42664.67498,0.0,0.0,0.0,0.0,0.0,42664.67498,42664.67498,42664.67498,0.0,0.0,0.0,0.0,0.0,42664.67498,42664.67498,42664.67498,0.0,Normal Traffic
46,42664.67499,0.0,0.0,0.0,0.0,42664.67499,42664.67499,42664.67499,0.0,42664.67499,42664.67499,42664.67499,0.0,0.0,0.0,0.0,0.0,42664.67499,42664.67499,42664.67499,0.0,Normal Traffic
46,22916.01884,22916.01884,22916.01884,22916.01884,0.0,0.0,0.0,0.0,0.0,22916.01884,22916.01884,22916.01884,0.0,0.0,0.0,0.0,0.0,22916.01884,22916.01884,22916.01884,0.0,Normal Traffic
46,22916.01884,0.0,0.0,0.0,0.0,22916.01884,22916.01884,22916.01884,0.0,22916.01884,22916.01884,22916.01884,0.0,0.0,0.0,0.0,0.0,22916.01884,22916.01884,22916.01884,0.0,Normal Traffic
46,89422.63084,119.0714126,0.875655174,4182.407959,190.689887,0.0,0.0,0.0,0.0,119.0714126,0.875655174,4182.407959,190.689887,0.945793033,0.875655174,0.988656998,0.044437101,119.703946,1.029182196,4182.407959,191.003213,Normal Traffic
46,89422.63087,0.0,0.0,0.0,0.0,129.223455,0.875659943,4182.407975,207.8479482,129.223455,0.875659943,4182.407975,207.8479482,0.945794284,0.875659943,0.98866415,0.044436072,129.9692554,1.029215813,4182.407975,208.2203426,Normal Traffic
46,36445.51467,473.3183724,0.169440031,5211.796392,848.2506086,0.0,0.0,0.0,0.0,473.3183724,0.169440031,5211.796392,848.2506086,0.17683207,0.169440031,0.184535027,0.003460514,867.6029893,26.68935013,5211.796392,988.4957683,Normal Traffic
46,36445.33615,0.0,0.0,0.0,0.0,1071.921652,26.86856008,11137.22277,1914.593906,1071.921652,26.86856008,11137.22277,1914.593906,0.0,0.0,0.0,0.0,1071.921652,26.86856008,11137.22277,1914.593906,Normal Traffic
46,89098.58531,730.3162731,11.87804008,7753.182866,887.2601303,0.0,0.0,0.0,0.0,730.3162731,11.87804008,7753.182866,887.2601303,0.0,0.0,0.0,0.0,730.3162731,11.87804008,7753.182866,887.2601303,Normal Traffic
46,89098.58531,0.0,0.0,0.0,0.0,795.5230831,11.8780551,7753.182864,953.5343467,795.5230831,11.8780551,7753.182864,953.5343467,0.0,0.0,0.0,0.0,795.5230831,11.8780551,7753.182864,953.5343467,Normal Traffic
22,23911.72534,771.3459788,45.45783806,6180.616897,1436.339813,0.0,0.0,0.0,0.0,771.3459788,45.45783806,6180.616897,1436.339813,0.0,0.0,0.0,0.0,771.3459788,45.45783806,6180.616897,1436.339813,Normal Traffic
22,23911.72534,0.0,0.0,0.0,0.0,797.0575113,45.45784783,6180.616905,1473.363928,797.0575113,45.45784783,6180.616905,1473.363928,0.0,0.0,0.0,0.0,797.0575113,45.45784783,6180.616905,1473.363928,Normal Traffic
22,23311.41349,832.5504819,59.70588589,5220.234574,1335.556938,0.0,0.0,0.0,0.0,832.5504819,59.70588589,5220.234574,1335.556938,0.0,0.0,0.0,0.0,832.5504819,59.70588589,5220.234574,1335.556938,Normal Traffic
22,23311.41348,0.0,0.0,0.0,0.0,1059.609704,59.70588398,5280.317542,1483.268869,1059.609704,59.70588398,5280.317542,1483.268869,0.0,0.0,0.0,0.0,1059.609704,59.70588398,5280.317542,1483.268869,Normal Traffic
22,23956.54211,748.6419411,59.85253882,5160.525851,1282.488144,0.0,0.0,0.0,0.0,748.6419411,59.85253882,5160.525851,1282.488144,0.0,0.0,0.0,0.0,748.6419411,59.85253882,5160.525851,1282.488144,Normal Traffic
22,23956.54213,0.0,0.0,0.0,0.0,855.5907905,59.85254693,5940.30916,1463.274074,855.5907905,59.85254693,5940.30916,1463.274074,0.0,0.0,0.0,0.0,855.5907905,59.85254693,5940.30916,1463.274074,Normal Traffic
46,89419.32023,3725.805009,0.210744143,18938.69529,4737.998898,0.0,0.0,0.0,0.0,3725.805009,0.210744143,18938.69529,4737.998898,0.243106445,0.210744143,0.289138079,0.027735007,7451.366912,3250.530696,18938.69529,4139.763777,Normal Traffic
46,89419.08957,0.0,0.0,0.0,0.0,8129.008143,3250.741438,18938.97097,4873.25756,8129.008143,3250.741438,18938.97097,4873.25756,0.0,0.0,0.0,0.0,8129.008143,3250.741438,18938.97097,4873.25756,Normal Traffic
46,89518.26168,175.1825082,17.6331439,4136.269393,189.8534738,0.0,0.0,0.0,0.0,175.1825082,17.6331439,4136.269393,189.8534738,0.0,0.0,0.0,0.0,175.1825082,17.6331439,4136.269393,189.8534738,Normal Traffic
46,89518.26169,0.0,0.0,0.0,0.0,191.6879265,17.63314509,4136.269379,216.2990035,191.6879265,17.63314509,4136.269379,216.2990035,0.0,0.0,0.0,0.0,191.6879265,17.63314509,4136.269379,216.2990035,Normal Traffic
46,81478.6083,7407.146209,6.454199076,26118.40287,7522.4649,0.0,0.0,0.0,0.0,7407.146209,6.454199076,26118.40287,7522.4649,0.0,0.0,0.0,0.0,7407.146209,6.454199076,26118.40287,7522.4649,Normal Traffic
46,81478.60831,0.0,0.0,0.0,0.0,8147.860831,6.45419693,26118.40287,7593.468763,8147.860831,6.45419693,26118.40287,7593.468763,0.0,0.0,0.0,0.0,8147.860831,6.45419693,26118.40287,7593.468763,Normal Traffic
46,1.121119976,0.560559988,0.557986021,0.563133955,0.002573967,0.0,0.0,0.0,0.0,0.560559988,0.557986021,0.563133955,0.002573967,0.560559988,0.557986021,0.563133955,0.002573967,0.0,0.0,0.0,0.0,DDoS Traffic
46,1.12111783,0.0,0.0,0.0,0.0,0.560558915,0.557986021,0.563131809,0.002572894,0.560558915,0.557986021,0.563131809,0.002572894,0.560558915,0.557986021,0.563131809,0.002572894,0.0,0.0,0.0,0.0,DDoS Traffic
46,0.0,0.0,0.0,0.0,0.0,0.0,0.0,0.0,0.0,0.0,0.0,0.0,0.0,0.0,0.0,0.0,0.0,0.0,0.0,0.0,0.0,DDoS Traffic
46,0.0,0.0,0.0,0.0,0.0,0.0,0.0,0.0,0.0,0.0,0.0,0.0,0.0,0.0,0.0,0.0,0.0,0.0,0.0,0.0,0.0,DDoS Traffic
46,82607.77684,41303.88842,32238.26504,50369.5118,9065.623376,0.0,0.0,0.0,0.0,41303.88842,32238.26504,50369.5118,9065.623376,0.0,0.0,0.0,0.0,41303.88842,32238.26504,50369.5118,9065.623376,Normal Traffic
46,82607.77684,0.0,0.0,0.0,0.0,41303.88842,32238.26505,50369.51179,9065.62337,41303.88842,32238.26505,50369.51179,9065.62337,0.0,0.0,0.0,0.0,41303.88842,32238.26505,50369.51179,9065.62337,Normal Traffic
46,89398.20215,170.9334649,16.84549212,4407.073392,195.1443356,0.0,0.0,0.0,0.0,170.9334649,16.84549212,4407.073392,195.1443356,0.0,0.0,0.0,0.0,170.9334649,16.84549212,4407.073392,195.1443356,Normal Traffic
46,89398.20216,0.0,0.0,0.0,0.0,183.946918,16.84550309,4407.073396,213.2418562,183.946918,16.84550309,4407.073396,213.2418562,0.0,0.0,0.0,0.0,183.946918,16.84550309,4407.073396,213.2418562,Normal Traffic
46,50031.02368,50031.02368,50031.02368,50031.02368,0.0,0.0,0.0,0.0,0.0,50031.02368,50031.02368,50031.02368,0.0,0.0,0.0,0.0,0.0,50031.02368,50031.02368,50031.02368,0.0,Normal Traffic
46,50031.0237,0.0,0.0,0.0,0.0,50031.0237,50031.0237,50031.0237,0.0,50031.0237,50031.0237,50031.0237,0.0,0.0,0.0,0.0,0.0,50031.0237,50031.0237,50031.0237,0.0,Normal Traffic
46,89258.29675,949.5563484,2.068877935,4965.368255,579.0531953,0.0,0.0,0.0,0.0,949.5563484,2.068877935,4965.368255,579.0531953,0.0,0.0,0.0,0.0,949.5563484,2.068877935,4965.368255,579.0531953,Normal Traffic
46,89258.29675,0.0,0.0,0.0,0.0,1014.298827,2.068887949,4965.368256,690.2976001,1014.298827,2.068887949,4965.368256,690.2976001,0.0,0.0,0.0,0.0,1014.298827,2.068887949,4965.368256,690.2976001,Normal Traffic
46,89490.06511,18.92367628,0.002640963,4022.643043,65.35420702,0.0,0.0,0.0,0.0,18.92367628,0.002640963,4022.643043,65.35420702,0.201031976,0.002640963,0.992046118,0.0733684,37.43374219,1.018124104,4022.643043,88.34401099,Normal Traffic
46,89489.87439,0.0,0.0,0.0,0.0,39.37082023,0.004458904,4022.842132,98.09901662,39.37082023,0.004458904,4022.842132,98.09901662,0.513952274,0.004458904,0.997149944,0.287948983,40.4965964,1.004034996,4022.842132,99.28351577,Normal Traffic
46,87877.08892,279.8633405,0.16896987,4410.647793,507.1046003,0.0,0.0,0.0,0.0,279.8633405,0.16896987,4410.647793,507.1046003,0.177907571,0.16896987,0.191193104,0.004316813,538.9584348,6.174154043,4410.647793,596.4755635,Normal Traffic
46,87876.9081,0.0,0.0,0.0,0.0,585.846054,6.343131065,4410.827144,649.0187948,585.846054,6.343131065,4410.827144,649.0187948,0.0,0.0,0.0,0.0,585.846054,6.343131065,4410.827144,649.0187948,Normal Traffic
22,78888.14294,6068.318688,21.61820388,13547.619,6514.509161,0.0,0.0,0.0,0.0,6068.318688,21.61820388,13547.619,6514.509161,0.0,0.0,0.0,0.0,6068.318688,21.61820388,13547.619,6514.509161,Normal Traffic
22,78888.14292,0.0,0.0,0.0,0.0,6068.318686,21.61820102,13547.61901,6514.509157,6068.318686,21.61820102,13547.61901,6514.509157,0.0,0.0,0.0,0.0,6068.318686,21.61820102,13547.61901,6514.509157,Normal Traffic
46,88567.32569,708.5386055,5.319022894,6553.3691,889.6164569,0.0,0.0,0.0,0.0,708.5386055,5.319022894,6553.3691,889.6164569,0.0,0.0,0.0,0.0,708.5386055,5.319022894,6553.3691,889.6164569,Normal Traffic
46,88567.32569,0.0,0.0,0.0,0.0,797.9038351,6.809310913,6553.369095,966.1434161,797.9038351,6.809310913,6553.369095,966.1434161,0.0,0.0,0.0,0.0,797.9038351,6.809310913,6553.369095,966.1434161,Normal Traffic
46,10713.13759,10713.13759,10713.13759,10713.13759,0.0,0.0,0.0,0.0,0.0,10713.13759,10713.13759,10713.13759,0.0,0.0,0.0,0.0,0.0,10713.13759,10713.13759,10713.13759,0.0,Normal Traffic
46,10713.13758,0.0,0.0,0.0,0.0,10713.13758,10713.13758,10713.13758,0.0,10713.13758,10713.13758,10713.13758,0.0,0.0,0.0,0.0,0.0,10713.13758,10713.13758,10713.13758,0.0,Normal Traffic
46,42507.27585,21253.63793,4626.920602,37880.35525,16626.71732,0.0,0.0,0.0,0.0,21253.63793,4626.920602,37880.35525,16626.71732,0.0,0.0,0.0,0.0,21253.63793,4626.920602,37880.35525,16626.71732,Normal Traffic
46,42507.27585,0.0,0.0,0.0,0.0,21253.63793,4626.920602,37880.35525,16626.71732,21253.63793,4626.920602,37880.35525,16626.71732,0.0,0.0,0.0,0.0,21253.63793,4626.920602,37880.35525,16626.71732,Normal Traffic
22,5098.957611,1699.652537,299.503768,4498.80796,1979.301836,0.0,0.0,0.0,0.0,1699.652537,299.503768,4498.80796,1979.301836,0.0,0.0,0.0,0.0,1699.652537,299.503768,4498.80796,1979.301836,Normal Traffic
22,5098.957612,0.0,0.0,0.0,0.0,2549.478806,600.149652,4498.80796,1949.329154,2549.478806,600.149652,4498.80796,1949.329154,0.0,0.0,0.0,0.0,2549.478806,600.149652,4498.80796,1949.329154,DDoS Traffic
46,29731.34578,5946.269156,225.252049,23819.78032,9030.798913,0.0,0.0,0.0,0.0,5946.269156,225.252049,23819.78032,9030.798913,0.0,0.0,0.0,0.0,5946.269156,225.252049,23819.78032,9030.798913,Normal Traffic
46,29731.34578,0.0,0.0,0.0,0.0,5946.269156,225.252064,23819.78032,9030.798911,5946.269156,225.252064,23819.78032,9030.798911,0.0,0.0,0.0,0.0,5946.269156,225.252064,23819.78032,9030.798911,Normal Traffic
46,37413.22266,1336.186524,46.44507408,10033.04339,2005.910399,0.0,0.0,0.0,0.0,1336.186524,46.44507408,10033.04339,2005.910399,0.0,0.0,0.0,0.0,1336.186524,46.44507408,10033.04339,2005.910399,Normal Traffic
46,37413.22266,0.0,0.0,0.0,0.0,1626.661855,46.44506311,10033.04338,2301.958065,1626.661855,46.44506311,10033.04338,2301.958065,0.0,0.0,0.0,0.0,1626.661855,46.44506311,10033.04338,2301.958065,Normal Traffic
46,0.0,0.0,0.0,0.0,0.0,0.0,0.0,0.0,0.0,0.0,0.0,0.0,0.0,0.0,0.0,0.0,0.0,0.0,0.0,0.0,0.0,DDoS Traffic
46,0.0,0.0,0.0,0.0,0.0,0.0,0.0,0.0,0.0,0.0,0.0,0.0,0.0,0.0,0.0,0.0,0.0,0.0,0.0,0.0,0.0,DDoS Traffic
46,89299.88308,92.25194533,0.03757596,4030.584647,155.2866946,0.0,0.0,0.0,0.0,92.25194533,0.03757596,4030.584647,155.2866946,0.454137598,0.03757596,0.88744092,0.272381447,93.59908297,1.056998968,4030.584647,156.0203543,Normal Traffic
46,89299.88308,0.0,0.0,0.0,0.0,99.66504808,0.037559032,4130.039684,178.5384581,99.66504808,0.037559032,4130.039684,178.5384581,0.45413191,0.037559032,0.887432814,0.272382999,101.2398245,1.056998014,4130.039684,179.5083087,Normal Traffic
46,89453.21829,18.83225648,0.004474163,4059.576915,66.3303202,0.0,0.0,0.0,0.0,18.83225648,0.004474163,4059.576915,66.3303202,0.199340004,0.004474163,0.989873886,0.071277248,37.62274519,1.02127409,4059.576915,90.18547789,Normal Traffic
46,89453.0273,0.0,0.0,0.0,0.0,38.94341633,0.016077995,4059.775404,96.80044973,38.94341633,0.016077995,4059.775404,96.80044973,0.475515627,0.016077995,0.95480299,0.300992288,40.22394923,1.02241087,4059.775404,98.13942935,Normal Traffic
46,87946.958,379.0817155,0.190039158,4974.179716,687.0447808,0.0,0.0,0.0,0.0,379.0817155,0.190039158,4974.179716,687.0447808,0.204160116,0.190039158,0.22993803,0.008076249,738.8562009,13.67929196,4974.179716,809.0198051,Normal Traffic
46,87946.75248,0.0,0.0,0.0,0.0,785.2388614,13.87908006,4974.381727,847.517654,785.2388614,13.87908006,4974.381727,847.517654,0.0,0.0,0.0,0.0,785.2388614,13.87908006,4974.381727,847.517654,Normal Traffic
46,89490.51912,19.11782079,0.002056122,3991.955942,65.64028826,0.0,0.0,0.0,0.0,19.11782079,0.002056122,3991.955942,65.64028826,0.200482126,0.002056122,0.997019053,0.069564755,37.9625556,1.002207041,3991.955942,88.82081635,Normal Traffic
46,89490.32379,0.0,0.0,0.0,0.0,39.72051655,0.017154932,3992.148348,96.1798383,39.72051655,0.017154932,3992.148348,96.1798383,0.515470588,0.017154932,0.961703777,0.275757164,40.95913751,1.01120615,3992.148348,97.43059716,Normal Traffic
46,88813.48395,418.9315281,0.190894842,5857.326937,798.7242502,0.0,0.0,0.0,0.0,418.9315281,0.190894842,5857.326937,798.7242502,0.20156193,0.190894842,0.305359125,0.012179043,822.1529769,6.468178988,5857.326937,959.6167209,Normal Traffic
46,88813.28104,0.0,0.0,0.0,0.0,870.7184416,0.509865046,5857.52645,1001.110477,870.7184416,0.509865046,5857.52645,1001.110477,0.509865046,0.509865046,0.509865046,0.0,879.3343681,6.675281048,5857.52645,1002.284037,Normal Traffic
8,89124.62331,1896.268581,1.19e-06,5910.563229,1716.364405,0.0,0.0,0.0,0.0,1896.268581,1.19e-06,5910.563229,1716.364405,2.38e-06,1.19e-06,4.05e-06,1.22e-06,2025.559621,346.9063029,5910.563229,1698.492667,Normal Traffic
8,89124.62333,0.0,0.0,0.0,0.0,2072.665659,4.05e-06,5910.563223,1770.53743,2072.665659,4.05e-06,5910.563223,1770.53743,5.4e-06,4.05e-06,6.2e-06,9.6e-07,2228.115583,346.906301,5910.563223,1738.836566,Normal Traffic
46,0.0,0.0,0.0,0.0,0.0,0.0,0.0,0.0,0.0,0.0,0.0,0.0,0.0,0.0,0.0,0.0,0.0,0.0,0.0,0.0,0.0,DDoS Traffic
46,0.0,0.0,0.0,0.0,0.0,0.0,0.0,0.0,0.0,0.0,0.0,0.0,0.0,0.0,0.0,0.0,0.0,0.0,0.0,0.0,0.0,DDoS Traffic
22,85137.39497,9459.710552,4620.061275,18480.43122,3547.754576,0.0,0.0,0.0,0.0,9459.710552,4620.061275,18480.43122,3547.754576,0.0,0.0,0.0,0.0,9459.710552,4620.061275,18480.43122,3547.754576,Normal Traffic
22,85137.39495,0.0,0.0,0.0,0.0,10642.17437,9239.29399,18480.43121,3032.461805,10642.17437,9239.29399,18480.43121,3032.461805,0.0,0.0,0.0,0.0,10642.17437,9239.29399,18480.43121,3032.461805,Normal Traffic
46,89405.44478,93.91328233,0.160162926,4148.251723,158.6578738,0.0,0.0,0.0,0.0,93.91328233,0.160162926,4148.251723,158.6578738,0.456308872,0.160162926,0.871300936,0.248062662,94.70529058,1.000960112,4148.251723,159.094309,Normal Traffic
46,89405.44478,0.0,0.0,0.0,0.0,103.478524,0.160153866,4148.251722,178.9017853,103.478524,0.160153866,4148.251722,178.9017853,0.400885309,0.160153866,0.871302128,0.213903788,104.3204651,1.000957012,4148.251722,179.3872317,Normal Traffic
46,923.328336,230.832084,59.73693895,461.07812,153.9297519,0.0,0.0,0.0,0.0,230.832084,59.73693895,461.07812,153.9297519,0.0,0.0,0.0,0.0,230.832084,59.73693895,461.07812,153.9297519,Normal Traffic
46,462.2502239,0.0,0.0,0.0,0.0,462.2502239,462.2502239,462.2502239,0.0,462.2502239,462.2502239,462.2502239,0.0,0.0,0.0,0.0,0.0,462.2502239,462.2502239,462.2502239,0.0,DDoS Traffic
46,89340.41273,169.8486934,15.53809094,4033.470297,178.5071779,0.0,0.0,0.0,0.0,169.8486934,15.53809094,4033.470297,178.5071779,0.0,0.0,0.0,0.0,169.8486934,15.53809094,4033.470297,178.5071779,Normal Traffic
46,89340.41272,0.0,0.0,0.0,0.0,181.5862047,15.53808594,4033.470302,194.2521963,181.5862047,15.53808594,4033.470302,194.2521963,0.0,0.0,0.0,0.0,181.5862047,15.53808594,4033.470302,194.2521963,Normal Traffic
46,89424.60582,421.8141784,0.189991951,5784.464882,779.1715981,0.0,0.0,0.0,0.0,421.8141784,0.189991951,5784.464882,779.1715981,0.2014178,0.189991951,0.218723059,0.006138583,820.2188971,5.852478027,5784.464882,924.1748294,Normal Traffic
46,89424.40048,0.0,0.0,0.0,0.0,876.7098086,6.060134172,5784.669836,1052.00866,876.7098086,6.060134172,5784.669836,1052.00866,0.0,0.0,0.0,0.0,876.7098086,6.060134172,5784.669836,1052.00866,Normal Traffic
46,0.0,0.0,0.0,0.0,0.0,0.0,0.0,0.0,0.0,0.0,0.0,0.0,0.0,0.0,0.0,0.0,0.0,0.0,0.0,0.0,0.0,DDoS Traffic
46,0.0,0.0,0.0,0.0,0.0,0.0,0.0,0.0,0.0,0.0,0.0,0.0,0.0,0.0,0.0,0.0,0.0,0.0,0.0,0.0,0.0,DDoS Traffic
22,80549.60911,8054.960911,3328.051662,9240.800568,1968.961333,0.0,0.0,0.0,0.0,8054.960911,3328.051662,9240.800568,1968.961333,0.0,0.0,0.0,0.0,8054.960911,3328.051662,9240.800568,1968.961333,Normal Traffic
22,80549.60912,0.0,0.0,0.0,0.0,8949.956569,3328.051668,12539.91736,2238.140656,8949.956569,3328.051668,12539.91736,2238.140656,0.0,0.0,0.0,0.0,8949.956569,3328.051668,12539.91736,2238.140656,Normal Traffic
22,23731.75567,624.519886,44.75761294,4920.462311,1210.793439,0.0,0.0,0.0,0.0,624.519886,44.75761294,4920.462311,1210.793439,0.0,0.0,0.0,0.0,624.519886,44.75761294,4920.462311,1210.793439,Normal Traffic
22,23731.75566,0.0,0.0,0.0,0.0,847.562702,44.75759816,5159.615388,1504.220774,847.562702,44.75759816,5159.615388,1504.220774,0.0,0.0,0.0,0.0,847.562702,44.75759816,5159.615388,1504.220774,Normal Traffic
22,23776.36443,679.3246979,44.67878509,4920.692571,1218.108379,0.0,0.0,0.0,0.0,679.3246979,44.67878509,4920.692571,1218.108379,0.0,0.0,0.0,0.0,679.3246979,44.67878509,4920.692571,1218.108379,Normal Traffic
22,23776.36443,0.0,0.0,0.0,0.0,819.8746356,44.67877221,6180.670401,1476.670746,819.8746356,44.67877221,6180.670401,1476.670746,0.0,0.0,0.0,0.0,819.8746356,44.67877221,6180.670401,1476.670746,Normal Traffic
22,23896.26241,645.8449299,59.61887813,5040.661512,1174.016988,0.0,0.0,0.0,0.0,645.8449299,59.61887813,5040.661512,1174.016988,0.0,0.0,0.0,0.0,645.8449299,59.61887813,5040.661512,1174.016988,Normal Traffic
22,23896.26243,0.0,0.0,0.0,0.0,746.7582011,59.61888909,5280.658065,1307.662572,746.7582011,59.61888909,5280.658065,1307.662572,0.0,0.0,0.0,0.0,746.7582011,59.61888909,5280.658065,1307.662572,Normal Traffic
46,65159.70657,32579.85329,8171.16091,56988.54567,24408.69238,0.0,0.0,0.0,0.0,32579.85329,8171.16091,56988.54567,24408.69238,0.0,0.0,0.0,0.0,32579.85329,8171.16091,56988.54567,24408.69238,Normal Traffic
46,65159.70656,0.0,0.0,0.0,0.0,32579.85328,8171.160905,56988.54566,24408.69238,32579.85328,8171.160905,56988.54566,24408.69238,0.0,0.0,0.0,0.0,32579.85328,8171.160905,56988.54566,24408.69238,Normal Traffic
46,0.0,0.0,0.0,0.0,0.0,0.0,0.0,0.0,0.0,0.0,0.0,0.0,0.0,0.0,0.0,0.0,0.0,0.0,0.0,0.0,0.0,DDoS Traffic
46,0.0,0.0,0.0,0.0,0.0,0.0,0.0,0.0,0.0,0.0,0.0,0.0,0.0,0.0,0.0,0.0,0.0,0.0,0.0,0.0,0.0,DDoS Traffic
46,0.0,0.0,0.0,0.0,0.0,0.0,0.0,0.0,0.0,0.0,0.0,0.0,0.0,0.0,0.0,0.0,0.0,0.0,0.0,0.0,0.0,DDoS Traffic
46,0.0,0.0,0.0,0.0,0.0,0.0,0.0,0.0,0.0,0.0,0.0,0.0,0.0,0.0,0.0,0.0,0.0,0.0,0.0,0.0,0.0,DDoS Traffic
46,89254.75977,298.5109023,0.070100069,4190.594166,501.5342193,0.0,0.0,0.0,0.0,298.5109023,0.070100069,4190.594166,501.5342193,0.176221173,0.070100069,0.193305016,0.014142064,587.0319425,11.48261309,4190.594166,570.5074001,Normal Traffic
46,89254.58181,0.0,0.0,0.0,0.0,615.5488401,0.077538013,4190.768681,620.2405335,615.5488401,0.077538013,4190.768681,620.2405335,0.077538013,0.077538013,0.077538013,0.0,619.8229463,11.65994191,4190.768681,620.258799,Normal Traffic
46,89056.414,273.179184,0.16739583,4512.489138,506.9951357,0.0,0.0,0.0,0.0,273.179184,0.16739583,4512.489138,506.9951357,0.177937382,0.16739583,0.195995808,0.004918125,533.1025267,4.650596857,4512.489138,602.7064844,Normal Traffic
46,89056.23078,0.0,0.0,0.0,0.0,563.6470302,4.824237108,4512.676776,652.2422256,563.6470302,4.824237108,4512.676776,652.2422256,0.0,0.0,0.0,0.0,563.6470302,4.824237108,4512.676776,652.2422256,Normal Traffic
46,0.0,0.0,0.0,0.0,0.0,0.0,0.0,0.0,0.0,0.0,0.0,0.0,0.0,0.0,0.0,0.0,0.0,0.0,0.0,0.0,0.0,DDoS Traffic
46,0.0,0.0,0.0,0.0,0.0,0.0,0.0,0.0,0.0,0.0,0.0,0.0,0.0,0.0,0.0,0.0,0.0,0.0,0.0,0.0,0.0,DDoS Traffic
46,740.2020969,370.1010485,327.150753,413.0513439,42.95029545,0.0,0.0,0.0,0.0,370.1010485,327.150753,413.0513439,42.95029545,0.0,0.0,0.0,0.0,370.1010485,327.150753,413.0513439,42.95029545,Normal Traffic
46,0.0,0.0,0.0,0.0,0.0,0.0,0.0,0.0,0.0,0.0,0.0,0.0,0.0,0.0,0.0,0.0,0.0,0.0,0.0,0.0,0.0,DDoS Traffic
46,85794.3267,7149.527225,1271.43556,15331.92034,3776.025029,0.0,0.0,0.0,0.0,7149.527225,1271.43556,15331.92034,3776.025029,0.0,0.0,0.0,0.0,7149.527225,1271.43556,15331.92034,3776.025029,Normal Traffic
46,85794.32668,0.0,0.0,0.0,0.0,7799.484244,2656.849275,15331.92033,3516.543115,7799.484244,2656.849275,15331.92033,3516.543115,0.0,0.0,0.0,0.0,7799.484244,2656.849275,15331.92033,3516.543115,Normal Traffic
46,88607.09363,17721.41873,17712.10475,17733.9218,8.862963023,0.0,0.0,0.0,0.0,17721.41873,17712.10475,17733.9218,8.862963023,0.0,0.0,0.0,0.0,17721.41873,17712.10475,17733.9218,8.862963023,Normal Traffic
46,88607.09363,0.0,0.0,0.0,0.0,17721.41873,17712.10475,17733.9218,8.862964224,17721.41873,17712.10475,17733.9218,8.862964224,0.0,0.0,0.0,0.0,17721.41873,17712.10475,17733.9218,8.862964224,Normal Traffic
46,73236.90361,12206.1506,1456.241156,23669.02636,9021.564628,0.0,0.0,0.0,0.0,12206.1506,1456.241156,23669.02636,9021.564628,0.0,0.0,0.0,0.0,12206.1506,1456.241156,23669.02636,9021.564628,Normal Traffic
46,73236.90363,0.0,0.0,0.0,0.0,12206.1506,1456.241174,23669.02633,9021.564617,12206.1506,1456.241174,23669.02633,9021.564617,0.0,0.0,0.0,0.0,12206.1506,1456.241174,23669.02633,9021.564617,Normal Traffic
46,0.0,0.0,0.0,0.0,0.0,0.0,0.0,0.0,0.0,0.0,0.0,0.0,0.0,0.0,0.0,0.0,0.0,0.0,0.0,0.0,0.0,DDoS Traffic
46,0.0,0.0,0.0,0.0,0.0,0.0,0.0,0.0,0.0,0.0,0.0,0.0,0.0,0.0,0.0,0.0,0.0,0.0,0.0,0.0,0.0,DDoS Traffic
46,33935.63736,491.8208313,0.167998791,2787.442217,712.2707355,0.0,0.0,0.0,0.0,491.8208313,0.167998791,2787.442217,712.2707355,0.17733372,0.167998791,0.188360929,0.004906215,917.0260184,4.88162303,2787.442217,745.823257,Normal Traffic
46,33935.45751,0.0,0.0,0.0,0.0,1094.692178,5.060775995,2838.363978,841.2458234,1094.692178,5.060775995,2838.363978,841.2458234,0.0,0.0,0.0,0.0,1094.692178,5.060775995,2838.363978,841.2458234,Normal Traffic
46,89371.17759,106.394259,0.9851408,4460.266104,180.6384809,0.0,0.0,0.0,0.0,106.394259,0.9851408,4460.266104,180.6384809,0.988400602,0.9851408,0.992641926,0.002702917,107.0254318,1.00412488,4460.266104,180.9937123,Normal Traffic
46,89371.17759,0.0,0.0,0.0,0.0,112.5581582,0.985128164,4460.266104,194.2160943,112.5581582,0.985128164,4460.266104,194.2160943,0.988403845,0.985128164,0.992643118,0.002707971,113.2651908,1.004144907,4460.266104,194.6266786,Normal Traffic
46,88881.23162,1777.624632,0.159879923,14758.64564,3076.171794,0.0,0.0,0.0,0.0,1777.624632,0.159879923,14758.64564,3076.171794,0.169528613,0.159879923,0.184595823,0.006216548,3418.352421,147.98632,14758.64564,3548.161204,Normal Traffic
46,88881.06962,0.0,0.0,0.0,0.0,3864.394331,148.1709089,14758.81169,3637.216383,3864.394331,148.1709089,14758.81169,3637.216383,0.0,0.0,0.0,0.0,3864.394331,148.1709089,14758.81169,3637.216383,Normal Traffic
46,40051.8612,130.0385104,0.96904397,1269.260682,160.3381752,0.0,0.0,0.0,0.0,130.0385104,0.96904397,1269.260682,160.3381752,0.96904397,0.96904397,0.96904397,0.0,130.4589321,1.006821156,1269.260682,160.429519,Normal Traffic
46,40051.86117,0.0,0.0,0.0,0.0,152.8696991,1.006823063,1463.795681,192.3446927,152.8696991,1.006823063,1463.795681,192.3446927,0.0,0.0,0.0,0.0,152.8696991,1.006823063,1463.795681,192.3446927,Normal Traffic
46,0.0,0.0,0.0,0.0,0.0,0.0,0.0,0.0,0.0,0.0,0.0,0.0,0.0,0.0,0.0,0.0,0.0,0.0,0.0,0.0,0.0,DDoS Traffic
46,0.0,0.0,0.0,0.0,0.0,0.0,0.0,0.0,0.0,0.0,0.0,0.0,0.0,0.0,0.0,0.0,0.0,0.0,0.0,0.0,0.0,DDoS Traffic
46,36804.64623,1415.563317,57.57184386,7663.372193,1606.756325,0.0,0.0,0.0,0.0,1415.563317,57.57184386,7663.372193,1606.756325,0.0,0.0,0.0,0.0,1415.563317,57.57184386,7663.372193,1606.756325,Normal Traffic
46,36804.64624,0.0,0.0,0.0,0.0,1600.20201,57.5718441,7663.372198,1699.13161,1600.20201,57.5718441,7663.372198,1699.13161,0.0,0.0,0.0,0.0,1600.20201,57.5718441,7663.372198,1699.13161,Normal Traffic
46,35430.89809,3936.766455,234.5711131,21367.48249,6337.543334,0.0,0.0,0.0,0.0,3936.766455,234.5711131,21367.48249,6337.543334,0.0,0.0,0.0,0.0,3936.766455,234.5711131,21367.48249,6337.543334,Normal Traffic
46,35430.89807,0.0,0.0,0.0,0.0,3936.766453,234.5711,21367.48249,6337.543334,3936.766453,234.5711,21367.48249,6337.543334,0.0,0.0,0.0,0.0,3936.766453,234.5711,21367.48249,6337.543334,Normal Traffic
46,68615.41389,68615.41389,68615.41389,68615.41389,0.0,0.0,0.0,0.0,0.0,68615.41389,68615.41389,68615.41389,0.0,0.0,0.0,0.0,0.0,68615.41389,68615.41389,68615.41389,0.0,Normal Traffic
46,68615.41388,0.0,0.0,0.0,0.0,68615.41388,68615.41388,68615.41388,0.0,68615.41388,68615.41388,68615.41388,0.0,0.0,0.0,0.0,0.0,68615.41388,68615.41388,68615.41388,0.0,Normal Traffic
46,55611.53257,13902.88314,759.722682,35323.91056,13367.98281,0.0,0.0,0.0,0.0,13902.88314,759.722682,35323.91056,13367.98281,0.0,0.0,0.0,0.0,13902.88314,759.722682,35323.91056,13367.98281,Normal Traffic
46,55611.53256,0.0,0.0,0.0,0.0,18537.17752,759.722682,35323.91055,14128.14963,18537.17752,759.722682,35323.91055,14128.14963,0.0,0.0,0.0,0.0,18537.17752,759.722682,35323.91055,14128.14963,Normal Traffic
22,23416.58643,780.5528811,59.18772507,5400.482465,1385.684151,0.0,0.0,0.0,0.0,780.5528811,59.18772507,5400.482465,1385.684151,0.0,0.0,0.0,0.0,780.5528811,59.18772507,5400.482465,1385.684151,Normal Traffic
22,23416.58643,0.0,0.0,0.0,0.0,936.6634571,59.18770099,5400.482477,1512.135756,936.6634571,59.18770099,5400.482477,1512.135756,0.0,0.0,0.0,0.0,936.6634571,59.18770099,5400.482477,1512.135756,Normal Traffic
22,23836.20129,554.3302626,44.75418115,5040.440138,1139.775284,0.0,0.0,0.0,0.0,554.3302626,44.75418115,5040.440138,1139.775284,0.0,0.0,0.0,0.0,554.3302626,44.75418115,5040.440138,1139.775284,Normal Traffic
22,23836.20131,0.0,0.0,0.0,0.0,701.0647443,44.75416183,5280.763399,1322.988454,701.0647443,44.75416183,5280.763399,1322.988454,0.0,0.0,0.0,0.0,701.0647443,44.75416183,5280.763399,1322.988454,Normal Traffic
22,23551.35224,872.2723053,59.829983,6437.249741,1586.589588,0.0,0.0,0.0,0.0,872.2723053,59.829983,6437.249741,1586.589588,0.0,0.0,0.0,0.0,872.2723053,59.829983,6437.249741,1586.589588,Normal Traffic
22,23551.35225,0.0,0.0,0.0,0.0,1177.567612,59.8299942,6437.24976,1907.061327,1177.567612,59.8299942,6437.24976,1907.061327,0.0,0.0,0.0,0.0,1177.567612,59.8299942,6437.24976,1907.061327,Normal Traffic
46,89175.96954,205.9491213,17.19789004,4319.36877,213.1440906,0.0,0.0,0.0,0.0,205.9491213,17.19789004,4319.36877,213.1440906,0.0,0.0,0.0,0.0,205.9491213,17.19789004,4319.36877,213.1440906,Normal Traffic
46,89175.96954,0.0,0.0,0.0,0.0,218.5685528,17.19789004,4319.368764,234.475484,218.5685528,17.19789004,4319.368764,234.475484,0.0,0.0,0.0,0.0,218.5685528,17.19789004,4319.368764,234.475484,Normal Traffic
46,89292.01396,206.2171223,14.39141488,4154.698316,203.1582613,0.0,0.0,0.0,0.0,206.2171223,14.39141488,4154.698316,203.1582613,0.0,0.0,0.0,0.0,206.2171223,14.39141488,4154.698316,203.1582613,Normal Traffic
46,89292.01395,0.0,0.0,0.0,0.0,221.5682728,14.39140415,4154.698317,229.1373565,221.5682728,14.39140415,4154.698317,229.1373565,0.0,0.0,0.0,0.0,221.5682728,14.39140415,4154.698317,229.1373565,Normal Traffic
46,32769.26115,442.8278534,1.416643143,1624.82251,421.3785773,0.0,0.0,0.0,0.0,442.8278534,1.416643143,1624.82251,421.3785773,0.0,0.0,0.0,0.0,442.8278534,1.416643143,1624.82251,421.3785773,Normal Traffic
46,32769.26116,0.0,0.0,0.0,0.0,537.2010026,1.416646004,5110.417036,721.9353347,537.2010026,1.416646004,5110.417036,721.9353347,0.0,0.0,0.0,0.0,537.2010026,1.416646004,5110.417036,721.9353347,Normal Traffic
46,65556.47479,32778.2374,454.683563,65101.79123,32323.55383,0.0,0.0,0.0,0.0,32778.2374,454.683563,65101.79123,32323.55383,0.0,0.0,0.0,0.0,32778.2374,454.683563,65101.79123,32323.55383,Normal Traffic
46,65556.4748,0.0,0.0,0.0,0.0,32778.2374,454.683562,65101.79123,32323.55384,32778.2374,454.683562,65101.79123,32323.55384,0.0,0.0,0.0,0.0,32778.2374,454.683562,65101.79123,32323.55384,Normal Traffic
46,0.0,0.0,0.0,0.0,0.0,0.0,0.0,0.0,0.0,0.0,0.0,0.0,0.0,0.0,0.0,0.0,0.0,0.0,0.0,0.0,0.0,DDoS Traffic
46,0.0,0.0,0.0,0.0,0.0,0.0,0.0,0.0,0.0,0.0,0.0,0.0,0.0,0.0,0.0,0.0,0.0,0.0,0.0,0.0,0.0,DDoS Traffic
46,88560.24073,720.0019572,0.779038191,5982.643088,880.0820374,0.0,0.0,0.0,0.0,720.0019572,0.779038191,5982.643088,880.0820374,0.779038191,0.779038191,0.779038191,0.0,725.897227,1.046514034,5982.643088,881.2595246,Normal Traffic
46,88020.98426,0.0,0.0,0.0,0.0,800.190766,0.779029131,5982.643094,969.2874156,800.190766,0.779029131,5982.643094,969.2874156,0.779029131,0.779029131,0.779029131,0.0,807.5248186,1.046513081,5982.643094,970.6805911,Normal Traffic
46,42615.5976,1121.463095,370.797776,5171.690194,772.9700046,0.0,0.0,0.0,0.0,1121.463095,370.797776,5171.690194,772.9700046,0.0,0.0,0.0,0.0,1121.463095,370.797776,5171.690194,772.9700046,Normal Traffic
46,42615.5976,0.0,0.0,0.0,0.0,1374.696697,370.7977788,8804.896069,1588.4302,1374.696697,370.7977788,8804.896069,1588.4302,0.0,0.0,0.0,0.0,1374.696697,370.7977788,8804.896069,1588.4302,Normal Traffic
46,1.107576847,0.553788424,0.545895815,0.561681032,0.007892609,0.0,0.0,0.0,0.0,0.553788424,0.545895815,0.561681032,0.007892609,0.553788424,0.545895815,0.561681032,0.007892609,0.0,0.0,0.0,0.0,DDoS Traffic
46,1.10758996,0.0,0.0,0.0,0.0,0.55379498,0.545905113,0.561684847,0.007889867,0.55379498,0.545905113,0.561684847,0.007889867,0.55379498,0.545905113,0.561684847,0.007889867,0.0,0.0,0.0,0.0,DDoS Traffic
46,88527.58313,737.7298594,3.288071156,6615.503642,879.4389233,0.0,0.0,0.0,0.0,737.7298594,3.288071156,6615.503642,879.4389233,0.0,0.0,0.0,0.0,737.7298594,3.288071156,6615.503642,879.4389233,Normal Traffic
46,87450.06289,0.0,0.0,0.0,0.0,795.0005717,3.288058043,7856.629083,1020.115943,795.0005717,3.288058043,7856.629083,1020.115943,0.0,0.0,0.0,0.0,795.0005717,3.288058043,7856.629083,1020.115943,Normal Traffic
46,65717.73528,4107.358455,2811.572343,14525.37697,3218.377462,0.0,0.0,0.0,0.0,4107.358455,2811.572343,14525.37697,3218.377462,0.0,0.0,0.0,0.0,4107.358455,2811.572343,14525.37697,3218.377462,Normal Traffic
46,65717.73529,0.0,0.0,0.0,0.0,4381.182352,2811.572331,14525.37696,3755.630483,4381.182352,2811.572331,14525.37696,3755.630483,0.0,0.0,0.0,0.0,4381.182352,2811.572331,14525.37696,3755.630483,Normal Traffic
46,89249.21597,3305.526517,553.13006,10135.50591,2416.664904,0.0,0.0,0.0,0.0,3305.526517,553.13006,10135.50591,2416.664904,0.0,0.0,0.0,0.0,3305.526517,553.13006,10135.50591,2416.664904,Normal Traffic
46,84775.83322,0.0,0.0,0.0,0.0,3685.905792,553.130059,10135.50592,2460.659363,3685.905792,553.130059,10135.50592,2460.659363,0.0,0.0,0.0,0.0,3685.905792,553.130059,10135.50592,2460.659363,Normal Traffic
46,42837.54552,1127.303829,288.664782,5741.050019,849.9147438,0.0,0.0,0.0,0.0,1127.303829,288.664782,5741.050019,849.9147438,0.0,0.0,0.0,0.0,1127.303829,288.664782,5741.050019,849.9147438,Normal Traffic
46,38484.75697,0.0,0.0,0.0,0.0,1202.648655,288.664778,5741.050018,927.1205765,1202.648655,288.664778,5741.050018,927.1205765,0.0,0.0,0.0,0.0,1202.648655,288.664778,5741.050018,927.1205765,Normal Traffic
46,87359.56868,1648.293749,350.7622819,5547.192751,870.395634,0.0,0.0,0.0,0.0,1648.293749,350.7622819,5547.192751,870.395634,0.0,0.0,0.0,0.0,1648.293749,350.7622819,5547.192751,870.395634,Normal Traffic
46,85268.06694,0.0,0.0,0.0,0.0,1776.418061,382.2848721,7699.365206,1220.633618,1776.418061,382.2848721,7699.365206,1220.633618,0.0,0.0,0.0,0.0,1776.418061,382.2848721,7699.365206,1220.633618,Normal Traffic
46,0.0,0.0,0.0,0.0,0.0,0.0,0.0,0.0,0.0,0.0,0.0,0.0,0.0,0.0,0.0,0.0,0.0,0.0,0.0,0.0,0.0,DDoS Traffic
46,0.0,0.0,0.0,0.0,0.0,0.0,0.0,0.0,0.0,0.0,0.0,0.0,0.0,0.0,0.0,0.0,0.0,0.0,0.0,0.0,0.0,DDoS Traffic
46,89006.30154,209.9205225,30.22319102,4144.849498,207.7792812,0.0,0.0,0.0,0.0,209.9205225,30.22319102,4144.849498,207.7792812,0.0,0.0,0.0,0.0,209.9205225,30.22319102,4144.849498,207.7792812,Normal Traffic
46,88580.38251,0.0,0.0,0.0,0.0,227.7130656,30.22319007,4144.849483,240.1253623,227.7130656,30.22319007,4144.849483,240.1253623,0.0,0.0,0.0,0.0,227.7130656,30.22319007,4144.849483,240.1253623,Normal Traffic
46,88580.08802,1845.4185,702.4829001,6059.663275,855.3712794,0.0,0.0,0.0,0.0,1845.4185,702.4829001,6059.663275,855.3712794,0.0,0.0,0.0,0.0,1845.4185,702.4829001,6059.663275,855.3712794,Normal Traffic
46,85290.19719,0.0,0.0,0.0,0.0,1938.413573,702.4829061,6447.404842,1108.570795,1938.413573,702.4829061,6447.404842,1108.570795,0.0,0.0,0.0,0.0,1938.413573,702.4829061,6447.404842,1108.570795,Normal Traffic
46,0.0,0.0,0.0,0.0,0.0,0.0,0.0,0.0,0.0,0.0,0.0,0.0,0.0,0.0,0.0,0.0,0.0,0.0,0.0,0.0,0.0,DDoS Traffic
46,0.0,0.0,0.0,0.0,0.0,0.0,0.0,0.0,0.0,0.0,0.0,0.0,0.0,0.0,0.0,0.0,0.0,0.0,0.0,0.0,0.0,DDoS Traffic
22,23311.43358,555.0341328,59.61802888,4920.468606,1158.034028,0.0,0.0,0.0,0.0,555.0341328,59.61802888,4920.468606,1158.034028,0.0,0.0,0.0,0.0,555.0341328,59.61802888,4920.468606,1158.034028,Normal Traffic
22,22831.15393,0.0,0.0,0.0,0.0,736.4888363,59.61804914,5040.379288,1397.361813,736.4888363,59.61804914,5040.379288,1397.361813,0.0,0.0,0.0,0.0,736.4888363,59.61804914,5040.379288,1397.361813,Normal Traffic
8,4555.270416,2277.635208,2127.336683,2427.933733,150.298525,0.0,0.0,0.0,0.0,2277.635208,2127.336683,2427.933733,150.298525,0.0,0.0,0.0,0.0,2277.635208,2127.336683,2427.933733,150.298525,Normal Traffic
8,0.0,0.0,0.0,0.0,0.0,0.0,0.0,0.0,0.0,0.0,0.0,0.0,0.0,0.0,0.0,0.0,0.0,0.0,0.0,0.0,0.0,Normal Traffic
8,30033.01374,4290.430534,1978.156417,7816.119156,2058.710776,0.0,0.0,0.0,0.0,4290.430534,1978.156417,7816.119156,2058.710776,0.0,0.0,0.0,0.0,4290.430534,1978.156417,7816.119156,2058.710776,Normal Traffic
8,18136.60018,0.0,0.0,0.0,0.0,4534.150044,2207.474466,7816.119151,2295.990564,4534.150044,2207.474466,7816.119151,2295.990564,0.0,0.0,0.0,0.0,4534.150044,2207.474466,7816.119151,2295.990564,Normal Traffic
46,0.0,0.0,0.0,0.0,0.0,0.0,0.0,0.0,0.0,0.0,0.0,0.0,0.0,0.0,0.0,0.0,0.0,0.0,0.0,0.0,0.0,DDoS Traffic
46,0.0,0.0,0.0,0.0,0.0,0.0,0.0,0.0,0.0,0.0,0.0,0.0,0.0,0.0,0.0,0.0,0.0,0.0,0.0,0.0,0.0,DDoS Traffic
22,0.0,0.0,0.0,0.0,0.0,0.0,0.0,0.0,0.0,0.0,0.0,0.0,0.0,0.0,0.0,0.0,0.0,0.0,0.0,0.0,0.0,DDoS Traffic
22,0.0,0.0,0.0,0.0,0.0,0.0,0.0,0.0,0.0,0.0,0.0,0.0,0.0,0.0,0.0,0.0,0.0,0.0,0.0,0.0,0.0,DDoS Traffic
46,46383.85643,437.5835512,3.031955004,2946.920174,564.3324277,0.0,0.0,0.0,0.0,437.5835512,3.031955004,2946.920174,564.3324277,0.0,0.0,0.0,0.0,437.5835512,3.031955004,2946.920174,564.3324277,Normal Traffic
46,45492.58245,0.0,0.0,0.0,0.0,548.103403,3.031940937,2946.920169,639.7820995,548.103403,3.031940937,2946.920169,639.7820995,0.0,0.0,0.0,0.0,548.103403,3.031940937,2946.920169,639.7820995,Normal Traffic
46,43994.94727,43994.94727,43994.94727,43994.94727,0.0,0.0,0.0,0.0,0.0,43994.94727,43994.94727,43994.94727,0.0,0.0,0.0,0.0,0.0,43994.94727,43994.94727,43994.94727,0.0,Normal Traffic
46,0.0,0.0,0.0,0.0,0.0,0.0,0.0,0.0,0.0,0.0,0.0,0.0,0.0,0.0,0.0,0.0,0.0,0.0,0.0,0.0,0.0,DDoS Traffic
46,0.0,0.0,0.0,0.0,0.0,0.0,0.0,0.0,0.0,0.0,0.0,0.0,0.0,0.0,0.0,0.0,0.0,0.0,0.0,0.0,0.0,DDoS Traffic
46,0.0,0.0,0.0,0.0,0.0,0.0,0.0,0.0,0.0,0.0,0.0,0.0,0.0,0.0,0.0,0.0,0.0,0.0,0.0,0.0,0.0,DDoS Traffic
46,89322.06334,488.0987068,0.190100908,5941.642687,858.0220317,0.0,0.0,0.0,0.0,488.0987068,0.190100908,5941.642687,858.0220317,0.20207637,0.190100908,0.220631838,0.007046438,940.0450592,2.454705,5941.642687,996.693813,Normal Traffic
46,83959.37274,0.0,0.0,0.0,0.0,965.0502613,2.669792891,6129.87958,1114.903006,965.0502613,2.669792891,6129.87958,1114.903006,0.0,0.0,0.0,0.0,965.0502613,2.669792891,6129.87958,1114.903006,Normal Traffic
41,89138.21482,7428.184568,3981.084729,30877.81012,7287.457228,0.0,0.0,0.0,0.0,7428.184568,3981.084729,30877.81012,7287.457228,0.0,0.0,0.0,0.0,7428.184568,3981.084729,30877.81012,7287.457228,Normal Traffic
41,49619.03277,0.0,0.0,0.0,0.0,5513.225863,3981.084728,9274.546007,1969.616002,5513.225863,3981.084728,9274.546007,1969.616002,0.0,0.0,0.0,0.0,5513.225863,3981.084728,9274.546007,1969.616002,Normal Traffic
41,89138.22435,7428.185363,3981.082746,30877.80761,7298.276902,0.0,0.0,0.0,0.0,7428.185363,3981.082746,30877.80761,7298.276902,0.0,0.0,0.0,0.0,7428.185363,3981.082746,30877.80761,7298.276902,Normal Traffic
41,49619.04555,0.0,0.0,0.0,0.0,5513.227283,3981.08275,9491.060715,2022.33099,5513.227283,3981.08275,9491.060715,2022.33099,0.0,0.0,0.0,0.0,5513.227283,3981.08275,9491.060715,2022.33099,Normal Traffic
41,89138.21047,8913.821047,4109.970405,34908.42011,9117.202531,0.0,0.0,0.0,0.0,8913.821047,4109.970405,34908.42011,9117.202531,0.0,0.0,0.0,0.0,8913.821047,4109.970405,34908.42011,9117.202531,Normal Traffic
41,49619.04997,0.0,0.0,0.0,0.0,6202.381247,4109.970389,13472.15455,3126.157589,6202.381247,4109.970389,13472.15455,3126.157589,0.0,0.0,0.0,0.0,6202.381247,4109.970389,13472.15455,3126.157589,Normal Traffic
46,52016.77573,17338.92524,8304.965523,29099.86497,8705.717496,0.0,0.0,0.0,0.0,17338.92524,8304.965523,29099.86497,8705.717496,0.0,0.0,0.0,0.0,17338.92524,8304.965523,29099.86497,8705.717496,Normal Traffic
46,22916.91075,0.0,0.0,0.0,0.0,11458.45537,8304.96552,14611.94523,3153.489855,11458.45537,8304.96552,14611.94523,3153.489855,0.0,0.0,0.0,0.0,11458.45537,8304.96552,14611.94523,3153.489855,Normal Traffic
46,0.0,0.0,0.0,0.0,0.0,0.0,0.0,0.0,0.0,0.0,0.0,0.0,0.0,0.0,0.0,0.0,0.0,0.0,0.0,0.0,0.0,DDoS Traffic
46,0.0,0.0,0.0,0.0,0.0,0.0,0.0,0.0,0.0,0.0,0.0,0.0,0.0,0.0,0.0,0.0,0.0,0.0,0.0,0.0,0.0,DDoS Traffic
46,0.0,0.0,0.0,0.0,0.0,0.0,0.0,0.0,0.0,0.0,0.0,0.0,0.0,0.0,0.0,0.0,0.0,0.0,0.0,0.0,0.0,DDoS Traffic
46,0.0,0.0,0.0,0.0,0.0,0.0,0.0,0.0,0.0,0.0,0.0,0.0,0.0,0.0,0.0,0.0,0.0,0.0,0.0,0.0,0.0,DDoS Traffic
46,89220.42257,131.3997387,1.91e-06,3990.944647,199.1319355,0.0,0.0,0.0,0.0,131.3997387,1.91e-06,3990.944647,199.1319355,0.222588707,1.91e-06,0.981569052,0.239816902,142.0526601,1.077535152,3990.944647,203.3786838,Normal Traffic
46,88821.9518,0.0,0.0,0.0,0.0,143.2612126,0.006634951,3990.944648,217.9080122,143.2612126,0.006634951,3990.944648,217.9080122,0.275719917,0.006634951,0.981557846,0.242864595,151.2995793,1.077544928,3990.944648,221.2224356,Normal Traffic
46,86200.76566,4104.798365,1299.833694,10453.89901,2107.067616,0.0,0.0,0.0,0.0,4104.798365,1299.833694,10453.89901,2107.067616,0.0,0.0,0.0,0.0,4104.798365,1299.833694,10453.89901,2107.067616,Normal Traffic
46,72336.55867,0.0,0.0,0.0,0.0,4255.091686,1612.664045,10453.89901,2107.625517,4255.091686,1612.664045,10453.89901,2107.625517,0.0,0.0,0.0,0.0,4255.091686,1612.664045,10453.89901,2107.625517,Normal Traffic
46,88465.49064,4021.158665,1945.111624,12599.30533,2194.70929,0.0,0.0,0.0,0.0,4021.158665,1945.111624,12599.30533,2194.70929,0.0,0.0,0.0,0.0,4021.158665,1945.111624,12599.30533,2194.70929,Normal Traffic
46,79650.35905,0.0,0.0,0.0,0.0,3982.517953,1945.111621,12599.30533,2245.607448,3982.517953,1945.111621,12599.30533,2245.607448,0.0,0.0,0.0,0.0,3982.517953,1945.111621,12599.30533,2245.607448,Normal Traffic
46,87540.57653,3806.112023,219.642158,9454.418562,2298.007214,0.0,0.0,0.0,0.0,3806.112023,219.642158,9454.418562,2298.007214,0.0,0.0,0.0,0.0,3806.112023,219.642158,9454.418562,2298.007214,Normal Traffic
46,77430.1263,0.0,0.0,0.0,0.0,3871.506315,219.6421609,9454.418563,2306.445751,3871.506315,219.6421609,9454.418563,2306.445751,0.0,0.0,0.0,0.0,3871.506315,219.6421609,9454.418563,2306.445751,Normal Traffic
46,82550.10502,1146.529236,0.158642054,11342.26069,2125.738195,0.0,0.0,0.0,0.0,1146.529236,0.158642054,11342.26069,2125.738195,0.167359471,0.158642054,0.181519985,0.00489651,2172.221442,26.52318311,11342.26069,2516.745429,Normal Traffic
46,73787.86845,0.0,0.0,0.0,0.0,2170.231425,26.52318597,11342.42084,2482.696627,2170.231425,26.52318597,11342.42084,2482.696627,0.0,0.0,0.0,0.0,2170.231425,26.52318597,11342.42084,2482.696627,Normal Traffic
46,81645.98826,40822.99413,2914.455804,78731.53246,37908.53833,0.0,0.0,0.0,0.0,40822.99413,2914.455804,78731.53246,37908.53833,0.0,0.0,0.0,0.0,40822.99413,2914.455804,78731.53246,37908.53833,Normal Traffic
46,0.0,0.0,0.0,0.0,0.0,0.0,0.0,0.0,0.0,0.0,0.0,0.0,0.0,0.0,0.0,0.0,0.0,0.0,0.0,0.0,0.0,DDoS Traffic
46,72139.63988,36069.81994,4141.171175,67998.4687,31928.64876,0.0,0.0,0.0,0.0,36069.81994,4141.171175,67998.4687,31928.64876,0.0,0.0,0.0,0.0,36069.81994,4141.171175,67998.4687,31928.64876,Normal Traffic
46,4141.171173,0.0,0.0,0.0,0.0,4141.171173,4141.171173,4141.171173,0.0,4141.171173,4141.171173,4141.171173,0.0,0.0,0.0,0.0,0.0,4141.171173,4141.171173,4141.171173,0.0,DDoS Traffic
22,83819.82466,9313.313851,4620.239808,18479.26275,3686.899464,0.0,0.0,0.0,0.0,9313.313851,4620.239808,18479.26275,3686.899464,0.0,0.0,0.0,0.0,9313.313851,4620.239808,18479.26275,3686.899464,Normal Traffic
22,73919.54213,0.0,0.0,0.0,0.0,10559.93459,9239.387818,18479.26276,3233.05221,10559.93459,9239.387818,18479.26276,3233.05221,0.0,0.0,0.0,0.0,10559.93459,9239.387818,18479.26276,3233.05221,Normal Traffic
46,88386.8264,1803.812784,0.158169031,11671.07941,2605.597984,0.0,0.0,0.0,0.0,1803.812784,0.158169031,11671.07941,2605.597984,0.167342652,0.158169031,0.17919302,0.006581357,3399.345289,167.3681231,11671.07941,2715.035984,Normal Traffic
46,72737.39835,0.0,0.0,0.0,0.0,3306.245379,167.5362182,11671.23965,2609.357938,3306.245379,167.5362182,11671.23965,2609.357938,0.0,0.0,0.0,0.0,3306.245379,167.5362182,11671.23965,2609.357938,Normal Traffic
22,62578.80347,6953.200386,0.995921135,62570.79618,19663.78957,0.0,0.0,0.0,0.0,6953.200386,0.995921135,62570.79618,19663.78957,0.997955501,0.995921135,0.999403954,0.001359471,12514.96233,1.002593994,62570.79618,25027.91692,Normal Traffic
22,4.003639936,0.0,0.0,0.0,0.0,1.000909984,0.995913982,1.006936789,0.004416406,1.000909984,0.995913982,1.006936789,0.004416406,0.996731043,0.995913982,0.997548103,0.00081706,1.005088925,1.003241062,1.006936789,0.001847863,DDoS Traffic
46,37123.92168,674.9803942,0.009986877,4572.213345,921.3700707,0.0,0.0,0.0,0.0,674.9803942,0.009986877,4572.213345,921.3700707,0.240470061,0.009986877,0.763522863,0.177796465,883.8284659,1.514432907,4572.213345,962.885751,Normal Traffic
46,35724.87359,0.0,0.0,0.0,0.0,992.3575997,0.015218019,6781.226048,1417.283234,992.3575997,0.015218019,6781.226048,1417.283234,0.220395374,0.015218019,0.325367212,0.107022727,1152.379729,1.02414012,6781.226048,1465.709151,Normal Traffic
46,49160.39053,5462.265614,0.160820961,20063.09899,7278.481234,0.0,0.0,0.0,0.0,5462.265614,0.160820961,20063.09899,7278.481234,0.166638553,0.160820961,0.170860052,0.003639693,9831.944795,1424.109346,20063.09899,7238.480781,Normal Traffic
46,47736.12038,0.0,0.0,0.0,0.0,15912.04013,2801.254797,24871.59931,9476.269858,15912.04013,2801.254797,24871.59931,9476.269858,0.0,0.0,0.0,0.0,15912.04013,2801.254797,24871.59931,9476.269858,Normal Traffic
46,0.0,0.0,0.0,0.0,0.0,0.0,0.0,0.0,0.0,0.0,0.0,0.0,0.0,0.0,0.0,0.0,0.0,0.0,0.0,0.0,0.0,DDoS Traffic
46,0.0,0.0,0.0,0.0,0.0,0.0,0.0,0.0,0.0,0.0,0.0,0.0,0.0,0.0,0.0,0.0,0.0,0.0,0.0,0.0,0.0,DDoS Traffic
46,35679.2485,2378.616567,1175.341101,7238.635416,1409.274762,0.0,0.0,0.0,0.0,2378.616567,1175.341101,7238.635416,1409.274762,0.0,0.0,0.0,0.0,2378.616567,1175.341101,7238.635416,1409.274762,Normal Traffic
46,29618.29503,0.0,0.0,0.0,0.0,2692.572276,1299.620417,7238.63541,1576.285759,2692.572276,1299.620417,7238.63541,1576.285759,0.0,0.0,0.0,0.0,2692.572276,1299.620417,7238.63541,1576.285759,Normal Traffic
46,86924.46463,3951.112029,0.189134121,21932.98411,5789.829763,0.0,0.0,0.0,0.0,3951.112029,0.189134121,21932.98411,5789.829763,0.194396106,0.189134121,0.210086107,0.006155431,7902.029661,619.4548669,21932.98411,5985.378608,Normal Traffic
46,78610.73114,0.0,0.0,0.0,0.0,7861.073114,619.6454508,21933.17371,6276.033353,7861.073114,619.6454508,21933.17371,6276.033353,0.0,0.0,0.0,0.0,7861.073114,619.6454508,21933.17371,6276.033353,Normal Traffic
46,0.0,0.0,0.0,0.0,0.0,0.0,0.0,0.0,0.0,0.0,0.0,0.0,0.0,0.0,0.0,0.0,0.0,0.0,0.0,0.0,0.0,DDoS Traffic
46,0.0,0.0,0.0,0.0,0.0,0.0,0.0,0.0,0.0,0.0,0.0,0.0,0.0,0.0,0.0,0.0,0.0,0.0,0.0,0.0,0.0,DDoS Traffic
46,71904.18898,11984.0315,1269.11761,24213.65024,10330.24505,0.0,0.0,0.0,0.0,11984.0315,1269.11761,24213.65024,10330.24505,0.0,0.0,0.0,0.0,11984.0315,1269.11761,24213.65024,10330.24505,Normal Traffic
46,47690.53873,0.0,0.0,0.0,0.0,9538.107747,1269.11761,23899.56767,9600.07799,9538.107747,1269.11761,23899.56767,9600.07799,0.0,0.0,0.0,0.0,9538.107747,1269.11761,23899.56767,9600.07799,Normal Traffic
22,78833.34784,6064.10368,21.95600104,13538.37823,6508.201304,0.0,0.0,0.0,0.0,6064.10368,21.95600104,13538.37823,6508.201304,0.0,0.0,0.0,0.0,6064.10368,21.95600104,13538.37823,6508.201304,Normal Traffic
22,65572.02743,0.0,0.0,0.0,0.0,5961.093402,21.95600605,13538.37822,6488.954364,5961.093402,21.95600605,13538.37822,6488.954364,0.0,0.0,0.0,0.0,5961.093402,21.95600605,13538.37822,6488.954364,Normal Traffic
46,0.0,0.0,0.0,0.0,0.0,0.0,0.0,0.0,0.0,0.0,0.0,0.0,0.0,0.0,0.0,0.0,0.0,0.0,0.0,0.0,0.0,DDoS Traffic
46,0.0,0.0,0.0,0.0,0.0,0.0,0.0,0.0,0.0,0.0,0.0,0.0,0.0,0.0,0.0,0.0,0.0,0.0,0.0,0.0,0.0,DDoS Traffic
46,88959.49229,3294.796011,369.904546,8562.567764,1694.102008,0.0,0.0,0.0,0.0,3294.796011,369.904546,8562.567764,1694.102008,0.0,0.0,0.0,0.0,3294.796011,369.904546,8562.567764,1694.102008,Normal Traffic
46,82983.13712,0.0,0.0,0.0,0.0,3457.630713,369.9045389,8562.567756,1746.239123,3457.630713,369.9045389,8562.567756,1746.239123,0.0,0.0,0.0,0.0,3457.630713,369.9045389,8562.567756,1746.239123,Normal Traffic
46,0.0,0.0,0.0,0.0,0.0,0.0,0.0,0.0,0.0,0.0,0.0,0.0,0.0,0.0,0.0,0.0,0.0,0.0,0.0,0.0,0.0,DDoS Traffic
46,0.0,0.0,0.0,0.0,0.0,0.0,0.0,0.0,0.0,0.0,0.0,0.0,0.0,0.0,0.0,0.0,0.0,0.0,0.0,0.0,0.0,DDoS Traffic
46,0.0,0.0,0.0,0.0,0.0,0.0,0.0,0.0,0.0,0.0,0.0,0.0,0.0,0.0,0.0,0.0,0.0,0.0,0.0,0.0,0.0,DDoS Traffic
46,0.0,0.0,0.0,0.0,0.0,0.0,0.0,0.0,0.0,0.0,0.0,0.0,0.0,0.0,0.0,0.0,0.0,0.0,0.0,0.0,0.0,DDoS Traffic
46,41362.943,20681.4715,3445.478731,37917.46427,17235.99277,0.0,0.0,0.0,0.0,20681.4715,3445.478731,37917.46427,17235.99277,0.0,0.0,0.0,0.0,20681.4715,3445.478731,37917.46427,17235.99277,Normal Traffic
46,0.0,0.0,0.0,0.0,0.0,0.0,0.0,0.0,0.0,0.0,0.0,0.0,0.0,0.0,0.0,0.0,0.0,0.0,0.0,0.0,0.0,DDoS Traffic
46,87985.65043,715.3304913,0.285815001,6395.721022,882.8933455,0.0,0.0,0.0,0.0,715.3304913,0.285815001,6395.721022,882.8933455,0.317636609,0.285815001,0.349458218,0.031821609,727.1488856,3.0092659,6395.721022,885.3219695,Normal Traffic
46,87595.93023,0.0,0.0,0.0,0.0,736.1002541,0.001252174,7852.447871,1013.815134,736.1002541,0.001252174,7852.447871,1013.815134,0.368422627,0.001252174,0.735593081,0.367170453,748.6768666,1.052008867,7852.447871,1017.830797,Normal Traffic
46,78244.95366,78244.95366,78244.95366,78244.95366,0.0,0.0,0.0,0.0,0.0,78244.95366,78244.95366,78244.95366,0.0,0.0,0.0,0.0,0.0,78244.95366,78244.95366,78244.95366,0.0,Normal Traffic
46,0.0,0.0,0.0,0.0,0.0,0.0,0.0,0.0,0.0,0.0,0.0,0.0,0.0,0.0,0.0,0.0,0.0,0.0,0.0,0.0,0.0,DDoS Traffic
46,84013.73203,1235.496059,0.161352873,12740.65578,2196.229443,0.0,0.0,0.0,0.0,1235.496059,0.161352873,12740.65578,2196.229443,0.169589541,0.161352873,0.180365086,0.004314405,2400.232445,9.890098095,12740.65578,2564.328914,Normal Traffic
46,75815.93949,0.0,0.0,0.0,0.0,2369.248109,10.05907178,12740.82788,2678.661769,2369.248109,10.05907178,12740.82788,2678.661769,0.0,0.0,0.0,0.0,2369.248109,10.05907178,12740.82788,2678.661769,Normal Traffic
46,64728.25964,64728.25964,64728.25964,64728.25964,0.0,0.0,0.0,0.0,0.0,64728.25964,64728.25964,64728.25964,0.0,0.0,0.0,0.0,0.0,64728.25964,64728.25964,64728.25964,0.0,Normal Traffic
46,0.0,0.0,0.0,0.0,0.0,0.0,0.0,0.0,0.0,0.0,0.0,0.0,0.0,0.0,0.0,0.0,0.0,0.0,0.0,0.0,0.0,DDoS Traffic
8,16032.91238,16032.91238,16032.91238,16032.91238,0.0,0.0,0.0,0.0,0.0,16032.91238,16032.91238,16032.91238,0.0,0.0,0.0,0.0,0.0,16032.91238,16032.91238,16032.91238,0.0,Normal Traffic
8,0.0,0.0,0.0,0.0,0.0,0.0,0.0,0.0,0.0,0.0,0.0,0.0,0.0,0.0,0.0,0.0,0.0,0.0,0.0,0.0,0.0,Normal Traffic
46,0.0,0.0,0.0,0.0,0.0,0.0,0.0,0.0,0.0,0.0,0.0,0.0,0.0,0.0,0.0,0.0,0.0,0.0,0.0,0.0,0.0,DDoS Traffic
46,0.0,0.0,0.0,0.0,0.0,0.0,0.0,0.0,0.0,0.0,0.0,0.0,0.0,0.0,0.0,0.0,0.0,0.0,0.0,0.0,0.0,DDoS Traffic
46,15674.11162,7837.055809,1944.286672,13729.82494,5892.769136,0.0,0.0,0.0,0.0,7837.055809,1944.286672,13729.82494,5892.769136,0.0,0.0,0.0,0.0,7837.055809,1944.286672,13729.82494,5892.769136,Normal Traffic
46,13729.82494,0.0,0.0,0.0,0.0,13729.82494,13729.82494,13729.82494,0.0,13729.82494,13729.82494,13729.82494,0.0,0.0,0.0,0.0,0.0,13729.82494,13729.82494,13729.82494,0.0,Normal Traffic
22,0.0,0.0,0.0,0.0,0.0,0.0,0.0,0.0,0.0,0.0,0.0,0.0,0.0,0.0,0.0,0.0,0.0,0.0,0.0,0.0,0.0,DDoS Traffic
22,0.0,0.0,0.0,0.0,0.0,0.0,0.0,0.0,0.0,0.0,0.0,0.0,0.0,0.0,0.0,0.0,0.0,0.0,0.0,0.0,0.0,DDoS Traffic
46,0.0,0.0,0.0,0.0,0.0,0.0,0.0,0.0,0.0,0.0,0.0,0.0,0.0,0.0,0.0,0.0,0.0,0.0,0.0,0.0,0.0,DDoS Traffic
46,0.0,0.0,0.0,0.0,0.0,0.0,0.0,0.0,0.0,0.0,0.0,0.0,0.0,0.0,0.0,0.0,0.0,0.0,0.0,0.0,0.0,DDoS Traffic
46,85771.7318,1681.798663,150.5269349,5200.800846,892.1666473,0.0,0.0,0.0,0.0,1681.798663,150.5269349,5200.800846,892.1666473,0.0,0.0,0.0,0.0,1681.798663,150.5269349,5200.800846,892.1666473,Normal Traffic
46,83734.53347,0.0,0.0,0.0,0.0,1708.86803,150.526933,5200.800845,962.3956307,1708.86803,150.526933,5200.800845,962.3956307,0.0,0.0,0.0,0.0,1708.86803,150.526933,5200.800845,962.3956307,Normal Traffic
46,0.0,0.0,0.0,0.0,0.0,0.0,0.0,0.0,0.0,0.0,0.0,0.0,0.0,0.0,0.0,0.0,0.0,0.0,0.0,0.0,0.0,DDoS Traffic
46,0.0,0.0,0.0,0.0,0.0,0.0,0.0,0.0,0.0,0.0,0.0,0.0,0.0,0.0,0.0,0.0,0.0,0.0,0.0,0.0,0.0,DDoS Traffic
46,0.0,0.0,0.0,0.0,0.0,0.0,0.0,0.0,0.0,0.0,0.0,0.0,0.0,0.0,0.0,0.0,0.0,0.0,0.0,0.0,0.0,DDoS Traffic
46,0.0,0.0,0.0,0.0,0.0,0.0,0.0,0.0,0.0,0.0,0.0,0.0,0.0,0.0,0.0,0.0,0.0,0.0,0.0,0.0,0.0,DDoS Traffic
22,3598.772871,1799.386436,598.9503789,2999.822492,1200.436057,0.0,0.0,0.0,0.0,1799.386436,598.9503789,2999.822492,1200.436057,0.0,0.0,0.0,0.0,1799.386436,598.9503789,2999.822492,1200.436057,Normal Traffic
22,598.9503889,0.0,0.0,0.0,0.0,598.9503889,598.9503889,598.9503889,0.0,598.9503889,598.9503889,598.9503889,0.0,0.0,0.0,0.0,0.0,598.9503889,598.9503889,598.9503889,0.0,DDoS Traffic
22,0.0,0.0,0.0,0.0,0.0,0.0,0.0,0.0,0.0,0.0,0.0,0.0,0.0,0.0,0.0,0.0,0.0,0.0,0.0,0.0,0.0,DDoS Traffic
22,0.0,0.0,0.0,0.0,0.0,0.0,0.0,0.0,0.0,0.0,0.0,0.0,0.0,0.0,0.0,0.0,0.0,0.0,0.0,0.0,0.0,DDoS Traffic
46,0.0,0.0,0.0,0.0,0.0,0.0,0.0,0.0,0.0,0.0,0.0,0.0,0.0,0.0,0.0,0.0,0.0,0.0,0.0,0.0,0.0,DDoS Traffic
46,0.0,0.0,0.0,0.0,0.0,0.0,0.0,0.0,0.0,0.0,0.0,0.0,0.0,0.0,0.0,0.0,0.0,0.0,0.0,0.0,0.0,DDoS Traffic
46,85554.74975,21388.68744,0.162064075,80445.8008,34160.36109,0.0,0.0,0.0,0.0,21388.68744,0.162064075,80445.8008,34160.36109,0.163672566,0.162064075,0.165281057,0.001608491,42777.2112,5108.621604,80445.8008,37668.5896,Normal Traffic
46,5108.786869,0.0,0.0,0.0,0.0,5108.786869,5108.786869,5108.786869,0.0,5108.786869,5108.786869,5108.786869,0.0,0.0,0.0,0.0,0.0,5108.786869,5108.786869,5108.786869,0.0,DDoS Traffic
46,36188.8968,1507.8707,57.07604003,4642.79524,1253.791692,0.0,0.0,0.0,0.0,1507.8707,57.07604003,4642.79524,1253.791692,0.0,0.0,0.0,0.0,1507.8707,57.07604003,4642.79524,1253.791692,Normal Traffic
46,27128.96138,0.0,0.0,0.0,0.0,1427.840073,57.07601595,4642.795246,1121.894556,1427.840073,57.07601595,4642.795246,1121.894556,0.0,0.0,0.0,0.0,1427.840073,57.07601595,4642.795246,1121.894556,Normal Traffic
46,88777.09638,133.9021061,2.86e-06,3989.655793,195.010607,0.0,0.0,0.0,0.0,133.9021061,2.86e-06,3989.655793,195.010607,0.43975887,2.86e-06,0.949978828,0.32574796,137.6266368,1.002534151,3989.655793,196.4165354,Normal Traffic
46,88437.86039,0.0,0.0,0.0,0.0,144.2705716,0.029756784,3989.65577,207.6092657,144.2705716,0.029756784,3989.65577,207.6092657,0.57088774,0.029756784,0.976008892,0.327297241,147.8750787,1.002517939,3989.65577,208.9301068,Normal Traffic
46,46873.23413,199.4605708,0.965588093,1384.999847,212.4582663,0.0,0.0,0.0,0.0,199.4605708,0.965588093,1384.999847,212.4582663,0.967789531,0.965588093,0.969990969,0.002201438,201.1643715,1.010479927,1384.999847,212.567342,Normal Traffic
46,46602.95368,0.0,0.0,0.0,0.0,231.8554909,0.965592861,1517.307205,253.023443,231.8554909,0.965592861,1517.307205,253.023443,0.967795014,0.965592861,0.969997168,0.002202153,234.1759703,1.010486126,1517.307205,253.2254602,Normal Traffic
28,0.0,0.0,0.0,0.0,0.0,0.0,0.0,0.0,0.0,0.0,0.0,0.0,0.0,0.0,0.0,0.0,0.0,0.0,0.0,0.0,0.0,Normal Traffic
28,0.0,0.0,0.0,0.0,0.0,0.0,0.0,0.0,0.0,0.0,0.0,0.0,0.0,0.0,0.0,0.0,0.0,0.0,0.0,0.0,0.0,Normal Traffic
46,12418.01304,12418.01304,12418.01304,12418.01304,0.0,0.0,0.0,0.0,0.0,12418.01304,12418.01304,12418.01304,0.0,0.0,0.0,0.0,0.0,12418.01304,12418.01304,12418.01304,0.0,Normal Traffic
46,0.0,0.0,0.0,0.0,0.0,0.0,0.0,0.0,0.0,0.0,0.0,0.0,0.0,0.0,0.0,0.0,0.0,0.0,0.0,0.0,0.0,DDoS Traffic
46,85511.80602,21377.9515,0.156426907,80435.66371,34159.89105,0.0,0.0,0.0,0.0,21377.9515,0.156426907,80435.66371,34159.89105,0.16494143,0.156426907,0.173455954,0.008514524,42755.73807,5075.812419,80435.66371,37679.92565,Normal Traffic
46,5075.96884,0.0,0.0,0.0,0.0,5075.96884,5075.96884,5075.96884,0.0,5075.96884,5075.96884,5075.96884,0.0,0.0,0.0,0.0,0.0,5075.96884,5075.96884,5075.96884,0.0,DDoS Traffic
46,2088.318535,2088.318535,2088.318535,2088.318535,0.0,0.0,0.0,0.0,0.0,2088.318535,2088.318535,2088.318535,0.0,0.0,0.0,0.0,0.0,2088.318535,2088.318535,2088.318535,0.0,Normal Traffic
46,0.0,0.0,0.0,0.0,0.0,0.0,0.0,0.0,0.0,0.0,0.0,0.0,0.0,0.0,0.0,0.0,0.0,0.0,0.0,0.0,0.0,DDoS Traffic
46,85287.18519,8528.718519,0.162954092,22308.19645,8943.464442,0.0,0.0,0.0,0.0,8528.718519,0.162954092,22308.19645,8943.464442,0.16580863,0.162954092,0.173444033,0.003856137,17057.27123,11206.80643,22308.19645,3807.714513,Normal Traffic
46,62978.82579,0.0,0.0,0.0,0.0,15744.70645,11206.97046,19878.24299,3083.349694,15744.70645,11206.97046,19878.24299,3083.349694,0.0,0.0,0.0,0.0,15744.70645,11206.97046,19878.24299,3083.349694,Normal Traffic
22,23536.17679,636.1128862,45.07312799,5160.630782,1241.447186,0.0,0.0,0.0,0.0,636.1128862,45.07312799,5160.630782,1241.447186,0.0,0.0,0.0,0.0,636.1128862,45.07312799,5160.630782,1241.447186,Normal Traffic
22,23356.35234,0.0,0.0,0.0,0.0,729.8860107,45.07314396,5220.695511,1348.900275,729.8860107,45.07314396,5220.695511,1348.900275,0.0,0.0,0.0,0.0,729.8860107,45.07314396,5220.695511,1348.900275,Normal Traffic
46,0.0,0.0,0.0,0.0,0.0,0.0,0.0,0.0,0.0,0.0,0.0,0.0,0.0,0.0,0.0,0.0,0.0,0.0,0.0,0.0,0.0,DDoS Traffic
46,0.0,0.0,0.0,0.0,0.0,0.0,0.0,0.0,0.0,0.0,0.0,0.0,0.0,0.0,0.0,0.0,0.0,0.0,0.0,0.0,0.0,DDoS Traffic
28,0.0,0.0,0.0,0.0,0.0,0.0,0.0,0.0,0.0,0.0,0.0,0.0,0.0,0.0,0.0,0.0,0.0,0.0,0.0,0.0,0.0,Normal Traffic
28,0.0,0.0,0.0,0.0,0.0,0.0,0.0,0.0,0.0,0.0,0.0,0.0,0.0,0.0,0.0,0.0,0.0,0.0,0.0,0.0,0.0,Normal Traffic
46,8.997951031,2.99931701,2.776764154,3.217148066,0.179816979,0.0,0.0,0.0,0.0,2.99931701,2.776764154,3.217148066,0.179816979,0.0,0.0,0.0,0.0,2.99931701,2.776764154,3.217148066,0.179816979,DDoS Traffic
46,0.0,0.0,0.0,0.0,0.0,0.0,0.0,0.0,0.0,0.0,0.0,0.0,0.0,0.0,0.0,0.0,0.0,0.0,0.0,0.0,0.0,DDoS Traffic
46,78007.50877,78007.50877,78007.50877,78007.50877,0.0,0.0,0.0,0.0,0.0,78007.50877,78007.50877,78007.50877,0.0,0.0,0.0,0.0,0.0,78007.50877,78007.50877,78007.50877,0.0,Normal Traffic
46,0.0,0.0,0.0,0.0,0.0,0.0,0.0,0.0,0.0,0.0,0.0,0.0,0.0,0.0,0.0,0.0,0.0,0.0,0.0,0.0,0.0,DDoS Traffic
46,0.0,0.0,0.0,0.0,0.0,0.0,0.0,0.0,0.0,0.0,0.0,0.0,0.0,0.0,0.0,0.0,0.0,0.0,0.0,0.0,0.0,DDoS Traffic
46,0.0,0.0,0.0,0.0,0.0,0.0,0.0,0.0,0.0,0.0,0.0,0.0,0.0,0.0,0.0,0.0,0.0,0.0,0.0,0.0,0.0,DDoS Traffic
46,0.0,0.0,0.0,0.0,0.0,0.0,0.0,0.0,0.0,0.0,0.0,0.0,0.0,0.0,0.0,0.0,0.0,0.0,0.0,0.0,0.0,DDoS Traffic
46,0.0,0.0,0.0,0.0,0.0,0.0,0.0,0.0,0.0,0.0,0.0,0.0,0.0,0.0,0.0,0.0,0.0,0.0,0.0,0.0,0.0,DDoS Traffic
46,0.0,0.0,0.0,0.0,0.0,0.0,0.0,0.0,0.0,0.0,0.0,0.0,0.0,0.0,0.0,0.0,0.0,0.0,0.0,0.0,0.0,DDoS Traffic
46,0.0,0.0,0.0,0.0,0.0,0.0,0.0,0.0,0.0,0.0,0.0,0.0,0.0,0.0,0.0,0.0,0.0,0.0,0.0,0.0,0.0,DDoS Traffic
46,0.0,0.0,0.0,0.0,0.0,0.0,0.0,0.0,0.0,0.0,0.0,0.0,0.0,0.0,0.0,0.0,0.0,0.0,0.0,0.0,0.0,DDoS Traffic
46,0.0,0.0,0.0,0.0,0.0,0.0,0.0,0.0,0.0,0.0,0.0,0.0,0.0,0.0,0.0,0.0,0.0,0.0,0.0,0.0,0.0,DDoS Traffic
46,37741.72204,37741.72204,37741.72204,37741.72204,0.0,0.0,0.0,0.0,0.0,37741.72204,37741.72204,37741.72204,0.0,0.0,0.0,0.0,0.0,37741.72204,37741.72204,37741.72204,0.0,Normal Traffic
46,0.0,0.0,0.0,0.0,0.0,0.0,0.0,0.0,0.0,0.0,0.0,0.0,0.0,0.0,0.0,0.0,0.0,0.0,0.0,0.0,0.0,DDoS Traffic
46,36906.23901,1054.463972,63.88995409,3216.496523,844.470029,0.0,0.0,0.0,0.0,1054.463972,63.88995409,3216.496523,844.470029,0.0,0.0,0.0,0.0,1054.463972,63.88995409,3216.496523,844.470029,Normal Traffic
46,34421.41852,0.0,0.0,0.0,0.0,1110.368339,63.88995099,3829.190555,955.1107413,1110.368339,63.88995099,3829.190555,955.1107413,0.0,0.0,0.0,0.0,1110.368339,63.88995099,3829.190555,955.1107413,Normal Traffic
22,0.0,0.0,0.0,0.0,0.0,0.0,0.0,0.0,0.0,0.0,0.0,0.0,0.0,0.0,0.0,0.0,0.0,0.0,0.0,0.0,0.0,DDoS Traffic
22,0.0,0.0,0.0,0.0,0.0,0.0,0.0,0.0,0.0,0.0,0.0,0.0,0.0,0.0,0.0,0.0,0.0,0.0,0.0,0.0,0.0,DDoS Traffic
46,37138.57207,1485.542883,82.75012708,10352.72828,2007.87097,0.0,0.0,0.0,0.0,1485.542883,82.75012708,10352.72828,2007.87097,0.0,0.0,0.0,0.0,1485.542883,82.75012708,10352.72828,2007.87097,Normal Traffic
46,33462.11734,0.0,0.0,0.0,0.0,1761.164071,82.75013399,10352.72827,2461.957953,1761.164071,82.75013399,10352.72827,2461.957953,0.0,0.0,0.0,0.0,1761.164071,82.75013399,10352.72827,2461.957953,Normal Traffic
46,88818.85261,693.897286,2.10278511,5355.271774,800.1244539,0.0,0.0,0.0,0.0,693.897286,2.10278511,5355.271774,800.1244539,0.0,0.0,0.0,0.0,693.897286,2.10278511,5355.271774,800.1244539,Normal Traffic
46,87564.47162,0.0,0.0,0.0,0.0,735.835896,2.102787018,5355.271779,874.21819,735.835896,2.102787018,5355.271779,874.21819,0.0,0.0,0.0,0.0,735.835896,2.102787018,5355.271779,874.21819,Normal Traffic
46,85942.2061,8594.22061,0.164624929,24405.61546,9337.800319,0.0,0.0,0.0,0.0,8594.22061,0.164624929,24405.61546,9337.800319,0.17542944,0.164624929,0.203309059,0.014358524,17188.26579,10841.44438,24405.61546,5164.668864,Normal Traffic
46,70713.39076,0.0,0.0,0.0,0.0,17678.34769,10841.64769,24405.7891,5669.40184,17678.34769,10841.64769,24405.7891,5669.40184,0.0,0.0,0.0,0.0,17678.34769,10841.64769,24405.7891,5669.40184,Normal Traffic
46,340.9156899,170.457845,121.2194219,219.6962681,49.23842311,0.0,0.0,0.0,0.0,170.457845,121.2194219,219.6962681,49.23842311,0.0,0.0,0.0,0.0,170.457845,121.2194219,219.6962681,49.23842311,Normal Traffic
46,0.0,0.0,0.0,0.0,0.0,0.0,0.0,0.0,0.0,0.0,0.0,0.0,0.0,0.0,0.0,0.0,0.0,0.0,0.0,0.0,0.0,DDoS Traffic
46,88778.64815,110.9733102,0.988105059,4052.469797,177.1775234,0.0,0.0,0.0,0.0,110.9733102,0.988105059,4052.469797,177.1775234,0.993622065,0.988105059,0.999139071,0.005517006,111.2489485,1.008586168,4052.469797,177.3137349,Normal Traffic
46,88686.06935,0.0,0.0,0.0,0.0,120.4973768,0.988101959,4052.469784,193.9291579,120.4973768,0.988101959,4052.469784,193.9291579,0.993618488,0.988101959,0.999135017,0.005516529,120.8230002,1.008599997,4052.469784,194.0926958,Normal Traffic
46,85452.12629,21363.03157,0.162712097,80399.7324,34147.19551,0.0,0.0,0.0,0.0,21363.03157,0.162712097,80399.7324,34147.19551,0.165049553,0.162712097,0.167387009,0.002337456,42725.8981,5052.063795,80399.7324,37673.8343,Normal Traffic
46,5052.231176,0.0,0.0,0.0,0.0,5052.231176,5052.231176,5052.231176,0.0,5052.231176,5052.231176,5052.231176,0.0,0.0,0.0,0.0,0.0,5052.231176,5052.231176,5052.231176,0.0,DDoS Traffic
46,45163.91977,45163.91977,45163.91977,45163.91977,0.0,0.0,0.0,0.0,0.0,45163.91977,45163.91977,45163.91977,0.0,0.0,0.0,0.0,0.0,45163.91977,45163.91977,45163.91977,0.0,Normal Traffic
46,0.0,0.0,0.0,0.0,0.0,0.0,0.0,0.0,0.0,0.0,0.0,0.0,0.0,0.0,0.0,0.0,0.0,0.0,0.0,0.0,0.0,DDoS Traffic
46,0.0,0.0,0.0,0.0,0.0,0.0,0.0,0.0,0.0,0.0,0.0,0.0,0.0,0.0,0.0,0.0,0.0,0.0,0.0,0.0,0.0,DDoS Traffic
46,0.0,0.0,0.0,0.0,0.0,0.0,0.0,0.0,0.0,0.0,0.0,0.0,0.0,0.0,0.0,0.0,0.0,0.0,0.0,0.0,0.0,DDoS Traffic
46,0.0,0.0,0.0,0.0,0.0,0.0,0.0,0.0,0.0,0.0,0.0,0.0,0.0,0.0,0.0,0.0,0.0,0.0,0.0,0.0,0.0,DDoS Traffic
46,0.0,0.0,0.0,0.0,0.0,0.0,0.0,0.0,0.0,0.0,0.0,0.0,0.0,0.0,0.0,0.0,0.0,0.0,0.0,0.0,0.0,DDoS Traffic
46,0.0,0.0,0.0,0.0,0.0,0.0,0.0,0.0,0.0,0.0,0.0,0.0,0.0,0.0,0.0,0.0,0.0,0.0,0.0,0.0,0.0,DDoS Traffic
46,0.0,0.0,0.0,0.0,0.0,0.0,0.0,0.0,0.0,0.0,0.0,0.0,0.0,0.0,0.0,0.0,0.0,0.0,0.0,0.0,0.0,DDoS Traffic
8,0.0,0.0,0.0,0.0,0.0,0.0,0.0,0.0,0.0,0.0,0.0,0.0,0.0,0.0,0.0,0.0,0.0,0.0,0.0,0.0,0.0,Normal Traffic
8,0.0,0.0,0.0,0.0,0.0,0.0,0.0,0.0,0.0,0.0,0.0,0.0,0.0,0.0,0.0,0.0,0.0,0.0,0.0,0.0,0.0,Normal Traffic
46,0.0,0.0,0.0,0.0,0.0,0.0,0.0,0.0,0.0,0.0,0.0,0.0,0.0,0.0,0.0,0.0,0.0,0.0,0.0,0.0,0.0,DDoS Traffic
46,0.0,0.0,0.0,0.0,0.0,0.0,0.0,0.0,0.0,0.0,0.0,0.0,0.0,0.0,0.0,0.0,0.0,0.0,0.0,0.0,0.0,DDoS Traffic
46,0.0,0.0,0.0,0.0,0.0,0.0,0.0,0.0,0.0,0.0,0.0,0.0,0.0,0.0,0.0,0.0,0.0,0.0,0.0,0.0,0.0,DDoS Traffic
46,0.0,0.0,0.0,0.0,0.0,0.0,0.0,0.0,0.0,0.0,0.0,0.0,0.0,0.0,0.0,0.0,0.0,0.0,0.0,0.0,0.0,DDoS Traffic
46,30070.59722,118.388178,1.17534399,1060.263768,126.9075566,0.0,0.0,0.0,0.0,118.388178,1.17534399,1060.263768,126.9075566,0.0,0.0,0.0,0.0,118.388178,1.17534399,1060.263768,126.9075566,Normal Traffic
46,30005.80339,0.0,0.0,0.0,0.0,150.7829316,1.175330877,1587.932754,192.3849832,150.7829316,1.175330877,1587.932754,192.3849832,0.0,0.0,0.0,0.0,150.7829316,1.175330877,1587.932754,192.3849832,Normal Traffic
46,50862.74752,50862.74752,50862.74752,50862.74752,0.0,0.0,0.0,0.0,0.0,50862.74752,50862.74752,50862.74752,0.0,0.0,0.0,0.0,0.0,50862.74752,50862.74752,50862.74752,0.0,Normal Traffic
46,0.0,0.0,0.0,0.0,0.0,0.0,0.0,0.0,0.0,0.0,0.0,0.0,0.0,0.0,0.0,0.0,0.0,0.0,0.0,0.0,0.0,DDoS Traffic
46,0.0,0.0,0.0,0.0,0.0,0.0,0.0,0.0,0.0,0.0,0.0,0.0,0.0,0.0,0.0,0.0,0.0,0.0,0.0,0.0,0.0,DDoS Traffic
46,0.0,0.0,0.0,0.0,0.0,0.0,0.0,0.0,0.0,0.0,0.0,0.0,0.0,0.0,0.0,0.0,0.0,0.0,0.0,0.0,0.0,DDoS Traffic
46,88881.5596,2468.932211,533.4853079,7433.637441,1238.259246,0.0,0.0,0.0,0.0,2468.932211,533.4853079,7433.637441,1238.259246,0.0,0.0,0.0,0.0,2468.932211,533.4853079,7433.637441,1238.259246,Normal Traffic
46,87065.02433,0.0,0.0,0.0,0.0,2638.334071,533.485307,7433.637444,1424.403492,2638.334071,533.485307,7433.637444,1424.403492,0.0,0.0,0.0,0.0,2638.334071,533.485307,7433.637444,1424.403492,Normal Traffic
8,14290.29005,14290.29005,14290.29005,14290.29005,0.0,0.0,0.0,0.0,0.0,14290.29005,14290.29005,14290.29005,0.0,0.0,0.0,0.0,0.0,14290.29005,14290.29005,14290.29005,0.0,Normal Traffic
8,0.0,0.0,0.0,0.0,0.0,0.0,0.0,0.0,0.0,0.0,0.0,0.0,0.0,0.0,0.0,0.0,0.0,0.0,0.0,0.0,0.0,Normal Traffic
46,88301.36857,1605.479428,100.003402,5263.364828,844.9021887,0.0,0.0,0.0,0.0,1605.479428,100.003402,5263.364828,844.9021887,0.0,0.0,0.0,0.0,1605.479428,100.003402,5263.364828,844.9021887,Normal Traffic
46,86419.01787,0.0,0.0,0.0,0.0,1728.380357,100.0033998,5263.364828,936.4273421,1728.380357,100.0033998,5263.364828,936.4273421,0.0,0.0,0.0,0.0,1728.380357,100.0033998,5263.364828,936.4273421,Normal Traffic
46,0.0,0.0,0.0,0.0,0.0,0.0,0.0,0.0,0.0,0.0,0.0,0.0,0.0,0.0,0.0,0.0,0.0,0.0,0.0,0.0,0.0,DDoS Traffic
46,0.0,0.0,0.0,0.0,0.0,0.0,0.0,0.0,0.0,0.0,0.0,0.0,0.0,0.0,0.0,0.0,0.0,0.0,0.0,0.0,0.0,DDoS Traffic
46,85926.36471,3580.265196,34.7360692,9195.997396,2850.913477,0.0,0.0,0.0,0.0,3580.265196,34.7360692,9195.997396,2850.913477,0.0,0.0,0.0,0.0,3580.265196,34.7360692,9195.997396,2850.913477,Normal Traffic
46,85833.99215,0.0,0.0,0.0,0.0,3901.545098,34.73607802,9195.997394,2848.925501,3901.545098,34.73607802,9195.997394,2848.925501,0.0,0.0,0.0,0.0,3901.545098,34.73607802,9195.997394,2848.925501,Normal Traffic
46,51233.59235,17077.86412,0.169356108,45204.41249,20040.18919,0.0,0.0,0.0,0.0,17077.86412,0.169356108,45204.41249,20040.18919,0.169356108,0.169356108,0.169356108,0.0,25616.7115,6029.0105,45204.41249,19587.701,Normal Traffic
46,0.0,0.0,0.0,0.0,0.0,0.0,0.0,0.0,0.0,0.0,0.0,0.0,0.0,0.0,0.0,0.0,0.0,0.0,0.0,0.0,0.0,DDoS Traffic
46,72776.51869,12129.41978,6809.780166,15996.29272,3020.249188,0.0,0.0,0.0,0.0,12129.41978,6809.780166,15996.29272,3020.249188,0.0,0.0,0.0,0.0,12129.41978,6809.780166,15996.29272,3020.249188,Normal Traffic
46,56780.22597,0.0,0.0,0.0,0.0,11356.04519,6809.78016,14146.17895,2712.496393,11356.04519,6809.78016,14146.17895,2712.496393,0.0,0.0,0.0,0.0,11356.04519,6809.78016,14146.17895,2712.496393,Normal Traffic
46,0.0,0.0,0.0,0.0,0.0,0.0,0.0,0.0,0.0,0.0,0.0,0.0,0.0,0.0,0.0,0.0,0.0,0.0,0.0,0.0,0.0,DDoS Traffic
46,0.0,0.0,0.0,0.0,0.0,0.0,0.0,0.0,0.0,0.0,0.0,0.0,0.0,0.0,0.0,0.0,0.0,0.0,0.0,0.0,0.0,DDoS Traffic
8,29753.32821,14876.66411,4083.126242,25670.20197,10793.53786,0.0,0.0,0.0,0.0,14876.66411,4083.126242,25670.20197,10793.53786,0.0,0.0,0.0,0.0,14876.66411,4083.126242,25670.20197,10793.53786,Normal Traffic
8,25670.20197,0.0,0.0,0.0,0.0,25670.20197,25670.20197,25670.20197,0.0,25670.20197,25670.20197,25670.20197,0.0,0.0,0.0,0.0,0.0,25670.20197,25670.20197,25670.20197,0.0,Normal Traffic
22,23415.91667,755.3521507,59.74953508,5220.498722,1291.757627,0.0,0.0,0.0,0.0,755.3521507,59.74953508,5220.498722,1291.757627,0.0,0.0,0.0,0.0,755.3521507,59.74953508,5220.498722,1291.757627,Normal Traffic
22,18317.12929,0.0,0.0,0.0,0.0,654.1831891,59.74955606,5220.498738,1210.940532,654.1831891,59.74955606,5220.498738,1210.940532,0.0,0.0,0.0,0.0,654.1831891,59.74955606,5220.498738,1210.940532,Normal Traffic
46,85814.34815,1479.557727,0.191828966,10501.59002,2596.766475,0.0,0.0,0.0,0.0,1479.557727,0.191828966,10501.59002,2596.766475,0.201365364,0.191828966,0.215698004,0.006766783,2958.914088,26.56824207,10501.59002,3018.17855,Normal Traffic
46,85814.13478,0.0,0.0,0.0,0.0,3064.790528,26.78092313,10501.79527,3023.305412,3064.790528,26.78092313,10501.79527,3023.305412,0.0,0.0,0.0,0.0,3064.790528,26.78092313,10501.79527,3023.305412,Normal Traffic
46,88968.82049,2541.9663,167.2638111,6277.672778,1493.692978,0.0,0.0,0.0,0.0,2541.9663,167.2638111,6277.672778,1493.692978,0.0,0.0,0.0,0.0,2541.9663,167.2638111,6277.672778,1493.692978,Normal Traffic
46,86014.45646,0.0,0.0,0.0,0.0,2687.951764,167.2638021,6277.672772,1601.359456,2687.951764,167.2638021,6277.672772,1601.359456,0.0,0.0,0.0,0.0,2687.951764,167.2638021,6277.672772,1601.359456,Normal Traffic
8,36430.78197,36430.78197,36430.78197,36430.78197,0.0,0.0,0.0,0.0,0.0,36430.78197,36430.78197,36430.78197,0.0,0.0,0.0,0.0,0.0,36430.78197,36430.78197,36430.78197,0.0,Normal Traffic
8,0.0,0.0,0.0,0.0,0.0,0.0,0.0,0.0,0.0,0.0,0.0,0.0,0.0,0.0,0.0,0.0,0.0,0.0,0.0,0.0,0.0,Normal Traffic
46,79387.6392,5292.50928,179.9521601,11260.14292,4378.873596,0.0,0.0,0.0,0.0,5292.50928,179.9521601,11260.14292,4378.873596,0.0,0.0,0.0,0.0,5292.50928,179.9521601,11260.14292,4378.873596,Normal Traffic
46,77023.81317,0.0,0.0,0.0,0.0,5501.700941,179.9521611,11260.14293,4459.565698,5501.700941,179.9521611,11260.14293,4459.565698,0.0,0.0,0.0,0.0,5501.700941,179.9521611,11260.14293,4459.565698,Normal Traffic
46,65399.39901,16349.84975,429.650964,53295.44457,21758.44903,0.0,0.0,0.0,0.0,16349.84975,429.650964,53295.44457,21758.44903,0.0,0.0,0.0,0.0,16349.84975,429.650964,53295.44457,21758.44903,Normal Traffic
46,65399.39899,0.0,0.0,0.0,0.0,21799.79966,628.645623,53295.44458,22706.74293,21799.79966,628.645623,53295.44458,22706.74293,0.0,0.0,0.0,0.0,21799.79966,628.645623,53295.44458,22706.74293,Normal Traffic
46,0.0,0.0,0.0,0.0,0.0,0.0,0.0,0.0,0.0,0.0,0.0,0.0,0.0,0.0,0.0,0.0,0.0,0.0,0.0,0.0,0.0,DDoS Traffic
46,0.0,0.0,0.0,0.0,0.0,0.0,0.0,0.0,0.0,0.0,0.0,0.0,0.0,0.0,0.0,0.0,0.0,0.0,0.0,0.0,0.0,DDoS Traffic
46,0.0,0.0,0.0,0.0,0.0,0.0,0.0,0.0,0.0,0.0,0.0,0.0,0.0,0.0,0.0,0.0,0.0,0.0,0.0,0.0,0.0,DDoS Traffic
46,0.0,0.0,0.0,0.0,0.0,0.0,0.0,0.0,0.0,0.0,0.0,0.0,0.0,0.0,0.0,0.0,0.0,0.0,0.0,0.0,0.0,DDoS Traffic
46,0.0,0.0,0.0,0.0,0.0,0.0,0.0,0.0,0.0,0.0,0.0,0.0,0.0,0.0,0.0,0.0,0.0,0.0,0.0,0.0,0.0,DDoS Traffic
46,0.0,0.0,0.0,0.0,0.0,0.0,0.0,0.0,0.0,0.0,0.0,0.0,0.0,0.0,0.0,0.0,0.0,0.0,0.0,0.0,0.0,DDoS Traffic
46,0.0,0.0,0.0,0.0,0.0,0.0,0.0,0.0,0.0,0.0,0.0,0.0,0.0,0.0,0.0,0.0,0.0,0.0,0.0,0.0,0.0,DDoS Traffic
46,0.0,0.0,0.0,0.0,0.0,0.0,0.0,0.0,0.0,0.0,0.0,0.0,0.0,0.0,0.0,0.0,0.0,0.0,0.0,0.0,0.0,DDoS Traffic
46,42800.58667,21400.29333,3995.554466,38805.0322,17404.73887,0.0,0.0,0.0,0.0,21400.29333,3995.554466,38805.0322,17404.73887,0.0,0.0,0.0,0.0,21400.29333,3995.554466,38805.0322,17404.73887,Normal Traffic
46,3995.554472,0.0,0.0,0.0,0.0,3995.554472,3995.554472,3995.554472,0.0,3995.554472,3995.554472,3995.554472,0.0,0.0,0.0,0.0,0.0,3995.554472,3995.554472,3995.554472,0.0,DDoS Traffic
46,72325.91777,18081.47944,5061.131352,35287.13865,11103.57685,0.0,0.0,0.0,0.0,18081.47944,5061.131352,35287.13865,11103.57685,0.0,0.0,0.0,0.0,18081.47944,5061.131352,35287.13865,11103.57685,Normal Traffic
46,72325.91778,0.0,0.0,0.0,0.0,18081.47944,5061.131355,35287.13865,11103.57685,18081.47944,5061.131355,35287.13865,11103.57685,0.0,0.0,0.0,0.0,18081.47944,5061.131355,35287.13865,11103.57685,Normal Traffic
46,32554.60564,1808.589202,94.71066809,4479.643199,1091.04997,0.0,0.0,0.0,0.0,1808.589202,94.71066809,4479.643199,1091.04997,0.0,0.0,0.0,0.0,1808.589202,94.71066809,4479.643199,1091.04997,Normal Traffic
46,32554.60565,0.0,0.0,0.0,0.0,2034.662853,145.644959,6201.441104,1364.770303,2034.662853,145.644959,6201.441104,1364.770303,0.0,0.0,0.0,0.0,2034.662853,145.644959,6201.441104,1364.770303,Normal Traffic
11,85153.24522,85153.24522,85153.24522,85153.24522,0.0,0.0,0.0,0.0,0.0,85153.24522,85153.24522,85153.24522,0.0,0.0,0.0,0.0,0.0,85153.24522,85153.24522,85153.24522,0.0,Normal Traffic
11,85153.24522,0.0,0.0,0.0,0.0,85153.24522,85153.24522,85153.24522,0.0,85153.24522,85153.24522,85153.24522,0.0,0.0,0.0,0.0,0.0,85153.24522,85153.24522,85153.24522,0.0,Normal Traffic
46,78296.37522,7117.852292,0.160363913,26448.55899,9182.094989,0.0,0.0,0.0,0.0,7117.852292,0.160363913,26448.55899,9182.094989,0.168650468,0.160363913,0.178158998,0.006048043,15659.07266,5833.484819,26448.55899,7192.896534,Normal Traffic
46,78296.20911,0.0,0.0,0.0,0.0,15659.24182,5833.648471,26448.73718,7192.899308,15659.24182,5833.648471,26448.73718,7192.899308,0.0,0.0,0.0,0.0,15659.24182,5833.648471,26448.73718,7192.899308,Normal Traffic
46,36695.12885,3335.920804,726.1318839,6162.628405,1661.178095,0.0,0.0,0.0,0.0,3335.920804,726.1318839,6162.628405,1661.178095,0.0,0.0,0.0,0.0,3335.920804,726.1318839,6162.628405,1661.178095,Normal Traffic
46,36695.12885,0.0,0.0,0.0,0.0,4077.236539,726.131887,10638.0495,2730.428356,4077.236539,726.131887,10638.0495,2730.428356,0.0,0.0,0.0,0.0,4077.236539,726.131887,10638.0495,2730.428356,Normal Traffic
46,78277.02719,7827.702719,0.159720898,26406.00927,9325.006775,0.0,0.0,0.0,0.0,7827.702719,0.159720898,26406.00927,9325.006775,0.162742758,0.159720898,0.164201021,0.001779303,15655.24269,5857.23838,26406.00927,7167.338317,Normal Traffic
46,78276.86319,0.0,0.0,0.0,0.0,15655.37264,5857.400054,26406.17336,7167.326481,15655.37264,5857.400054,26406.17336,7167.326481,0.0,0.0,0.0,0.0,15655.37264,5857.400054,26406.17336,7167.326481,Normal Traffic
46,50639.56431,50639.56431,50639.56431,50639.56431,0.0,0.0,0.0,0.0,0.0,50639.56431,50639.56431,50639.56431,0.0,0.0,0.0,0.0,0.0,50639.56431,50639.56431,50639.56431,0.0,Normal Traffic
46,50639.56431,0.0,0.0,0.0,0.0,50639.56431,50639.56431,50639.56431,0.0,50639.56431,50639.56431,50639.56431,0.0,0.0,0.0,0.0,0.0,50639.56431,50639.56431,50639.56431,0.0,Normal Traffic
46,88648.43725,3409.555279,0.210151911,11391.63611,3667.412983,0.0,0.0,0.0,0.0,3409.555279,0.210151911,11391.63611,3667.412983,0.247298314,0.210151911,0.310416937,0.025632477,6818.86326,4689.500957,11391.63611,1911.301693,Normal Traffic
46,88648.19953,0.0,0.0,0.0,0.0,7387.349961,4689.756514,11455.24402,2254.101515,7387.349961,4689.756514,11455.24402,2254.101515,0.0,0.0,0.0,0.0,7387.349961,4689.756514,11455.24402,2254.101515,Normal Traffic
46,50683.89106,10136.77821,390.3706231,43679.3939,16800.8525,0.0,0.0,0.0,0.0,10136.77821,390.3706231,43679.3939,16800.8525,0.0,0.0,0.0,0.0,10136.77821,390.3706231,43679.3939,16800.8525,Normal Traffic
46,50683.89108,0.0,0.0,0.0,0.0,10136.77822,390.3706219,43679.39392,16800.85251,10136.77822,390.3706219,43679.39392,16800.85251,0.0,0.0,0.0,0.0,10136.77822,390.3706219,43679.39392,16800.85251,Normal Traffic
46,40415.00353,40415.00353,40415.00353,40415.00353,0.0,0.0,0.0,0.0,0.0,40415.00353,40415.00353,40415.00353,0.0,0.0,0.0,0.0,0.0,40415.00353,40415.00353,40415.00353,0.0,Normal Traffic
46,40415.00352,0.0,0.0,0.0,0.0,40415.00352,40415.00352,40415.00352,0.0,40415.00352,40415.00352,40415.00352,0.0,0.0,0.0,0.0,0.0,40415.00352,40415.00352,40415.00352,0.0,Normal Traffic
46,88662.15437,953.3564986,16.21132588,5954.633054,642.9679811,0.0,0.0,0.0,0.0,953.3564986,16.21132588,5954.633054,642.9679811,0.0,0.0,0.0,0.0,953.3564986,16.21132588,5954.633054,642.9679811,Normal Traffic
46,88662.15436,0.0,0.0,0.0,0.0,1019.105223,16.21131802,5954.633056,709.5868943,1019.105223,16.21131802,5954.633056,709.5868943,0.0,0.0,0.0,0.0,1019.105223,16.21131802,5954.633056,709.5868943,Normal Traffic
46,0.0,0.0,0.0,0.0,0.0,0.0,0.0,0.0,0.0,0.0,0.0,0.0,0.0,0.0,0.0,0.0,0.0,0.0,0.0,0.0,0.0,DDoS Traffic
46,0.0,0.0,0.0,0.0,0.0,0.0,0.0,0.0,0.0,0.0,0.0,0.0,0.0,0.0,0.0,0.0,0.0,0.0,0.0,0.0,0.0,DDoS Traffic
46,58783.62555,14695.90639,5911.572856,32553.22306,10614.50219,0.0,0.0,0.0,0.0,14695.90639,5911.572856,32553.22306,10614.50219,0.0,0.0,0.0,0.0,14695.90639,5911.572856,32553.22306,10614.50219,Normal Traffic
46,58783.62556,0.0,0.0,0.0,0.0,14695.90639,5911.572867,32553.22307,10614.5022,14695.90639,5911.572867,32553.22307,10614.5022,0.0,0.0,0.0,0.0,14695.90639,5911.572867,32553.22307,10614.5022,Normal Traffic
46,78228.12051,7111.64732,0.160949945,26385.32541,9169.651563,0.0,0.0,0.0,0.0,7111.64732,0.160949945,26385.32541,9169.651563,0.166034818,0.160949945,0.171215057,0.003251828,15645.42486,5823.143855,26385.32541,7174.145463,Normal Traffic
46,78227.95362,0.0,0.0,0.0,0.0,15645.59072,5823.304803,26385.49172,7174.147797,15645.59072,5823.304803,26385.49172,7174.147797,0.0,0.0,0.0,0.0,15645.59072,5823.304803,26385.49172,7174.147797,Normal Traffic
46,29054.30281,29054.30281,29054.30281,29054.30281,0.0,0.0,0.0,0.0,0.0,29054.30281,29054.30281,29054.30281,0.0,0.0,0.0,0.0,0.0,29054.30281,29054.30281,29054.30281,0.0,Normal Traffic
46,29054.30281,0.0,0.0,0.0,0.0,29054.30281,29054.30281,29054.30281,0.0,29054.30281,29054.30281,29054.30281,0.0,0.0,0.0,0.0,0.0,29054.30281,29054.30281,29054.30281,0.0,Normal Traffic
35,0.0,0.0,0.0,0.0,0.0,0.0,0.0,0.0,0.0,0.0,0.0,0.0,0.0,0.0,0.0,0.0,0.0,0.0,0.0,0.0,0.0,Normal Traffic
35,0.0,0.0,0.0,0.0,0.0,0.0,0.0,0.0,0.0,0.0,0.0,0.0,0.0,0.0,0.0,0.0,0.0,0.0,0.0,0.0,0.0,Normal Traffic
22,4.000259876,1.000064969,0.998800993,1.00058794,0.000733783,0.0,0.0,0.0,0.0,1.000064969,0.998800993,1.00058794,0.000733783,0.998800993,0.998800993,0.998800993,0.0,1.000486294,1.000371933,1.00058794,8.86e-05,DDoS Traffic
22,4.000262976,0.0,0.0,0.0,0.0,1.000065744,0.998801947,1.000591993,0.000733574,1.000065744,0.998801947,1.000591993,0.000733574,0.998801947,0.998801947,0.998801947,0.0,1.00048701,1.000377893,1.000591993,8.75e-05,DDoS Traffic
46,69439.62901,11573.2715,0.17737484,34001.17176,10553.81436,0.0,0.0,0.0,0.0,11573.2715,0.17737484,34001.17176,10553.81436,0.17737484,0.17737484,0.17737484,0.0,13887.89033,7694.670339,34001.17176,10075.45707,Normal Traffic
46,69439.62901,0.0,0.0,0.0,0.0,13887.9258,7694.670337,34001.17176,10075.44061,13887.9258,7694.670337,34001.17176,10075.44061,0.0,0.0,0.0,0.0,13887.9258,7694.670337,34001.17176,10075.44061,Normal Traffic
46,86682.00482,316.3576818,0.190770864,5828.655373,593.9083774,0.0,0.0,0.0,0.0,316.3576818,0.190770864,5828.655373,593.9083774,0.202788894,0.190770864,0.23123312,0.007534418,614.5747085,1.274333954,5828.655373,708.6785348,Normal Traffic
46,86681.79955,0.0,0.0,0.0,0.0,656.6802996,1.472813129,5828.857886,850.8590823,656.6802996,1.472813129,5828.857886,850.8590823,0.0,0.0,0.0,0.0,656.6802996,1.472813129,5828.857886,850.8590823,Normal Traffic
22,78796.15342,6061.24257,1.65279007,13464.44756,6512.429747,0.0,0.0,0.0,0.0,6061.24257,1.65279007,13464.44756,6512.429747,0.0,0.0,0.0,0.0,6061.24257,1.65279007,13464.44756,6512.429747,Normal Traffic
22,78796.15341,0.0,0.0,0.0,0.0,6061.24257,1.652788162,13464.44756,6512.429749,6061.24257,1.652788162,13464.44756,6512.429749,0.0,0.0,0.0,0.0,6061.24257,1.652788162,13464.44756,6512.429749,Normal Traffic
46,79667.19953,432.9739105,5.79e-05,13337.50266,1790.03827,0.0,0.0,0.0,0.0,432.9739105,5.79e-05,13337.50266,1790.03827,0.258452867,5.79e-05,0.990379095,0.174698114,1154.16634,1.024431944,13337.50266,2777.128434,Normal Traffic
46,79666.99514,0.0,0.0,0.0,0.0,885.1888349,0.001060009,13337.71125,2546.921375,885.1888349,0.001060009,13337.71125,2546.921375,0.451423055,0.001060009,0.851134062,0.242792858,1121.949551,1.067553997,13337.71125,2820.848857,Normal Traffic
46,87523.909,1862.21083,496.2011681,6513.46956,941.8927135,0.0,0.0,0.0,0.0,1862.21083,496.2011681,6513.46956,941.8927135,0.0,0.0,0.0,0.0,1862.21083,496.2011681,6513.46956,941.8927135,Normal Traffic
46,87523.90899,0.0,0.0,0.0,0.0,1944.975755,496.2011821,6513.469579,1021.312271,1944.975755,496.2011821,6513.469579,1021.312271,0.0,0.0,0.0,0.0,1944.975755,496.2011821,6513.469579,1021.312271,Normal Traffic
46,79664.65476,432.9600802,0.011450052,13338.16499,1790.034832,0.0,0.0,0.0,0.0,432.9600802,0.011450052,13338.16499,1790.034832,0.255495342,0.011450052,0.897335052,0.174411517,1188.578534,1.011988878,13338.16499,2811.003911,Normal Traffic
46,79664.45079,0.0,0.0,0.0,0.0,895.1061886,0.030435085,13338.4126,2559.42827,895.1061886,0.030435085,13338.4126,2559.42827,0.443760002,0.030435085,0.898920059,0.282431763,1154.428632,1.017096996,13338.4126,2854.849328,Normal Traffic
46,56940.3925,1779.387266,0.171754837,18587.74918,3546.392079,0.0,0.0,0.0,0.0,1779.387266,0.171754837,18587.74918,3546.392079,0.178528979,0.171754837,0.184476137,0.003258688,3558.596002,110.9408212,18587.74918,4338.505054,Normal Traffic
46,56940.21324,0.0,0.0,0.0,0.0,3796.014216,529.996763,18587.92768,4381.829517,3796.014216,529.996763,18587.92768,4381.829517,0.0,0.0,0.0,0.0,3796.014216,529.996763,18587.92768,4381.829517,Normal Traffic
46,79661.27117,428.2864042,0.004261017,13339.30888,1780.831847,0.0,0.0,0.0,0.0,428.2864042,0.004261017,13339.30888,1780.831847,0.264921669,0.004261017,0.965146065,0.189786195,1244.202355,1.015769958,13339.30888,2863.882425,Normal Traffic
46,79661.04938,0.0,0.0,0.0,0.0,885.1227709,0.008598089,13339.52458,2547.063137,885.1227709,0.008598089,13339.52458,2547.063137,0.461291452,0.008598089,0.996538877,0.298879331,1206.817854,1.027070999,13339.52458,2908.359273,Normal Traffic
46,88929.95451,2694.847106,150.1603179,6582.644556,1571.538104,0.0,0.0,0.0,0.0,2694.847106,150.1603179,6582.644556,1571.538104,0.0,0.0,0.0,0.0,2694.847106,150.1603179,6582.644556,1571.538104,Normal Traffic
46,88929.95452,0.0,0.0,0.0,0.0,2868.70821,150.160327,6582.644569,1673.891072,2868.70821,150.160327,6582.644569,1673.891072,0.0,0.0,0.0,0.0,2868.70821,150.160327,6582.644569,1673.891072,Normal Traffic
8,0.0,0.0,0.0,0.0,0.0,0.0,0.0,0.0,0.0,0.0,0.0,0.0,0.0,0.0,0.0,0.0,0.0,0.0,0.0,0.0,0.0,Normal Traffic
8,0.0,0.0,0.0,0.0,0.0,0.0,0.0,0.0,0.0,0.0,0.0,0.0,0.0,0.0,0.0,0.0,0.0,0.0,0.0,0.0,0.0,Normal Traffic
46,86909.52517,2348.906086,320.5660141,6563.778802,1234.37059,0.0,0.0,0.0,0.0,2348.906086,320.5660141,6563.778802,1234.37059,0.0,0.0,0.0,0.0,2348.906086,320.5660141,6563.778802,1234.37059,Normal Traffic
46,86909.52517,0.0,0.0,0.0,0.0,2556.162505,320.5660179,6563.778802,1309.2574,2556.162505,320.5660179,6563.778802,1309.2574,0.0,0.0,0.0,0.0,2556.162505,320.5660179,6563.778802,1309.2574,Normal Traffic
46,84473.68049,5279.60503,1747.51789,12154.62303,2375.386949,0.0,0.0,0.0,0.0,5279.60503,1747.51789,12154.62303,2375.386949,0.0,0.0,0.0,0.0,5279.60503,1747.51789,12154.62303,2375.386949,Normal Traffic
46,84473.6805,0.0,0.0,0.0,0.0,5279.605031,1747.517892,12154.62304,2375.386951,5279.605031,1747.517892,12154.62304,2375.386951,0.0,0.0,0.0,0.0,5279.605031,1747.517892,12154.62304,2375.386951,Normal Traffic
46,0.0,0.0,0.0,0.0,0.0,0.0,0.0,0.0,0.0,0.0,0.0,0.0,0.0,0.0,0.0,0.0,0.0,0.0,0.0,0.0,0.0,DDoS Traffic
46,0.0,0.0,0.0,0.0,0.0,0.0,0.0,0.0,0.0,0.0,0.0,0.0,0.0,0.0,0.0,0.0,0.0,0.0,0.0,0.0,0.0,DDoS Traffic
46,0.0,0.0,0.0,0.0,0.0,0.0,0.0,0.0,0.0,0.0,0.0,0.0,0.0,0.0,0.0,0.0,0.0,0.0,0.0,0.0,0.0,DDoS Traffic
46,0.0,0.0,0.0,0.0,0.0,0.0,0.0,0.0,0.0,0.0,0.0,0.0,0.0,0.0,0.0,0.0,0.0,0.0,0.0,0.0,0.0,DDoS Traffic
46,0.0,0.0,0.0,0.0,0.0,0.0,0.0,0.0,0.0,0.0,0.0,0.0,0.0,0.0,0.0,0.0,0.0,0.0,0.0,0.0,0.0,DDoS Traffic
46,0.0,0.0,0.0,0.0,0.0,0.0,0.0,0.0,0.0,0.0,0.0,0.0,0.0,0.0,0.0,0.0,0.0,0.0,0.0,0.0,0.0,DDoS Traffic
46,0.779447079,0.779447079,0.779447079,0.779447079,0.0,0.0,0.0,0.0,0.0,0.779447079,0.779447079,0.779447079,0.0,0.779447079,0.779447079,0.779447079,0.0,0.0,0.0,0.0,0.0,DDoS Traffic
46,0.7794559,0.0,0.0,0.0,0.0,0.7794559,0.7794559,0.7794559,0.0,0.7794559,0.7794559,0.7794559,0.0,0.7794559,0.7794559,0.7794559,0.0,0.0,0.0,0.0,0.0,DDoS Traffic
49,81641.02588,9071.225098,1460.245155,22564.64515,8457.607729,0.0,0.0,0.0,0.0,9071.225098,1460.245155,22564.64515,8457.607729,0.0,0.0,0.0,0.0,9071.225098,1460.245155,22564.64515,8457.607729,Normal Traffic
49,0.0,0.0,0.0,0.0,0.0,0.0,0.0,0.0,0.0,0.0,0.0,0.0,0.0,0.0,0.0,0.0,0.0,0.0,0.0,0.0,0.0,Normal Traffic
22,81641.02588,10205.12824,1460.245153,24938.97162,9071.650963,0.0,0.0,0.0,0.0,10205.12824,1460.245153,24938.97162,9071.650963,0.0,0.0,0.0,0.0,10205.12824,1460.245153,24938.97162,9071.650963,Normal Traffic
22,0.0,0.0,0.0,0.0,0.0,0.0,0.0,0.0,0.0,0.0,0.0,0.0,0.0,0.0,0.0,0.0,0.0,0.0,0.0,0.0,0.0,DDoS Traffic
46,35879.42832,1195.980944,116.1013489,4122.879048,1178.384461,0.0,0.0,0.0,0.0,1195.980944,116.1013489,4122.879048,1178.384461,0.0,0.0,0.0,0.0,1195.980944,116.1013489,4122.879048,1178.384461,Normal Traffic
46,35879.42833,0.0,0.0,0.0,0.0,1435.177133,149.326565,4934.804397,1286.837866,1435.177133,149.326565,4934.804397,1286.837866,0.0,0.0,0.0,0.0,1435.177133,149.326565,4934.804397,1286.837866,Normal Traffic
49,81754.63476,10219.32935,2373.874828,27962.13489,9707.400033,0.0,0.0,0.0,0.0,10219.32935,2373.874828,27962.13489,9707.400033,0.0,0.0,0.0,0.0,10219.32935,2373.874828,27962.13489,9707.400033,Normal Traffic
49,0.0,0.0,0.0,0.0,0.0,0.0,0.0,0.0,0.0,0.0,0.0,0.0,0.0,0.0,0.0,0.0,0.0,0.0,0.0,0.0,0.0,Normal Traffic
22,81754.63476,11679.23354,2373.874828,27962.1349,10407.1118,0.0,0.0,0.0,0.0,11679.23354,2373.874828,27962.1349,10407.1118,0.0,0.0,0.0,0.0,11679.23354,2373.874828,27962.1349,10407.1118,Normal Traffic
22,0.0,0.0,0.0,0.0,0.0,0.0,0.0,0.0,0.0,0.0,0.0,0.0,0.0,0.0,0.0,0.0,0.0,0.0,0.0,0.0,0.0,DDoS Traffic
46,87905.99737,1910.999943,342.7384641,5667.845107,803.2566374,0.0,0.0,0.0,0.0,1910.999943,342.7384641,5667.845107,803.2566374,0.0,0.0,0.0,0.0,1910.999943,342.7384641,5667.845107,803.2566374,Normal Traffic
46,87905.99737,0.0,0.0,0.0,0.0,2044.32552,342.7384479,5990.788804,1032.948066,2044.32552,342.7384479,5990.788804,1032.948066,0.0,0.0,0.0,0.0,2044.32552,342.7384479,5990.788804,1032.948066,Normal Traffic
46,0.0,0.0,0.0,0.0,0.0,0.0,0.0,0.0,0.0,0.0,0.0,0.0,0.0,0.0,0.0,0.0,0.0,0.0,0.0,0.0,0.0,DDoS Traffic
46,0.0,0.0,0.0,0.0,0.0,0.0,0.0,0.0,0.0,0.0,0.0,0.0,0.0,0.0,0.0,0.0,0.0,0.0,0.0,0.0,0.0,DDoS Traffic
22,0.0,0.0,0.0,0.0,0.0,0.0,0.0,0.0,0.0,0.0,0.0,0.0,0.0,0.0,0.0,0.0,0.0,0.0,0.0,0.0,0.0,DDoS Traffic
22,0.0,0.0,0.0,0.0,0.0,0.0,0.0,0.0,0.0,0.0,0.0,0.0,0.0,0.0,0.0,0.0,0.0,0.0,0.0,0.0,0.0,DDoS Traffic
46,26449.76492,26449.76492,26449.76492,26449.76492,0.0,0.0,0.0,0.0,0.0,26449.76492,26449.76492,26449.76492,0.0,0.0,0.0,0.0,0.0,26449.76492,26449.76492,26449.76492,0.0,Normal Traffic
46,26449.76492,0.0,0.0,0.0,0.0,26449.76492,26449.76492,26449.76492,0.0,26449.76492,26449.76492,26449.76492,0.0,0.0,0.0,0.0,0.0,26449.76492,26449.76492,26449.76492,0.0,Normal Traffic
46,0.0,0.0,0.0,0.0,0.0,0.0,0.0,0.0,0.0,0.0,0.0,0.0,0.0,0.0,0.0,0.0,0.0,0.0,0.0,0.0,0.0,DDoS Traffic
46,0.0,0.0,0.0,0.0,0.0,0.0,0.0,0.0,0.0,0.0,0.0,0.0,0.0,0.0,0.0,0.0,0.0,0.0,0.0,0.0,0.0,DDoS Traffic
46,0.0,0.0,0.0,0.0,0.0,0.0,0.0,0.0,0.0,0.0,0.0,0.0,0.0,0.0,0.0,0.0,0.0,0.0,0.0,0.0,0.0,DDoS Traffic
46,0.0,0.0,0.0,0.0,0.0,0.0,0.0,0.0,0.0,0.0,0.0,0.0,0.0,0.0,0.0,0.0,0.0,0.0,0.0,0.0,0.0,DDoS Traffic
46,80067.97754,16013.59551,0.163400173,41717.1734,19641.24665,0.0,0.0,0.0,0.0,16013.59551,0.163400173,41717.1734,19641.24665,0.163750331,0.163400173,0.164171934,0.000319095,40033.74314,38350.31288,41717.1734,1683.430261,Normal Traffic
46,80067.81387,0.0,0.0,0.0,0.0,40033.90694,38350.47628,41717.33759,1683.430655,40033.90694,38350.47628,41717.33759,1683.430655,0.0,0.0,0.0,0.0,40033.90694,38350.47628,41717.33759,1683.430655,Normal Traffic
46,88051.00772,377.9013207,1.051250935,4487.339266,490.9580191,0.0,0.0,0.0,0.0,377.9013207,1.051250935,4487.339266,490.9580191,0.0,0.0,0.0,0.0,377.9013207,1.051250935,4487.339266,490.9580191,Normal Traffic
46,88051.00772,0.0,0.0,0.0,0.0,417.3033541,1.051237106,4487.339269,551.467629,417.3033541,1.051237106,4487.339269,551.467629,0.0,0.0,0.0,0.0,417.3033541,1.051237106,4487.339269,551.467629,Normal Traffic
46,0.0,0.0,0.0,0.0,0.0,0.0,0.0,0.0,0.0,0.0,0.0,0.0,0.0,0.0,0.0,0.0,0.0,0.0,0.0,0.0,0.0,DDoS Traffic
46,0.0,0.0,0.0,0.0,0.0,0.0,0.0,0.0,0.0,0.0,0.0,0.0,0.0,0.0,0.0,0.0,0.0,0.0,0.0,0.0,0.0,DDoS Traffic
46,80018.18393,16003.63679,0.157104015,41665.09884,19628.14413,0.0,0.0,0.0,0.0,16003.63679,0.157104015,41665.09884,19628.14413,0.162679275,0.157104015,0.169113874,0.004940515,40008.84794,38352.59705,41665.09884,1656.250892,Normal Traffic
46,80018.02209,0.0,0.0,0.0,0.0,40009.01105,38352.75414,41665.26795,1656.256903,40009.01105,38352.75414,41665.26795,1656.256903,0.0,0.0,0.0,0.0,40009.01105,38352.75414,41665.26795,1656.256903,Normal Traffic
46,83679.60892,5977.114923,2146.924568,12148.42106,2520.820615,0.0,0.0,0.0,0.0,5977.114923,2146.924568,12148.42106,2520.820615,0.0,0.0,0.0,0.0,5977.114923,2146.924568,12148.42106,2520.820615,Normal Traffic
46,83679.60892,0.0,0.0,0.0,0.0,6436.892994,2146.924586,12148.42105,2779.457817,6436.892994,2146.924586,12148.42105,2779.457817,0.0,0.0,0.0,0.0,6436.892994,2146.924586,12148.42105,2779.457817,Normal Traffic
46,88776.89376,727.6794571,0.242650032,4838.127355,777.8106475,0.0,0.0,0.0,0.0,727.6794571,0.242650032,4838.127355,777.8106475,0.41764605,0.242650032,0.592642069,0.174996018,739.8004872,12.47523189,4838.127355,778.5309742,Normal Traffic
46,88776.89377,0.0,0.0,0.0,0.0,758.7768699,0.242641926,4838.127357,829.587032,758.7768699,0.242641926,4838.127357,829.587032,0.417649984,0.242641926,0.592658043,0.175008059,771.9657259,12.47520399,4838.127357,830.6670555,Normal Traffic
46,79056.29296,15811.25859,0.241675854,49812.83912,20427.79786,0.0,0.0,0.0,0.0,15811.25859,0.241675854,49812.83912,20427.79786,0.253142993,0.241675854,0.262814045,0.008722585,39527.76677,29242.69442,49812.83912,10285.07235,Normal Traffic
46,79056.05129,0.0,0.0,0.0,0.0,39528.02564,29242.94936,49813.10192,10285.07628,39528.02564,29242.94936,49813.10192,10285.07628,0.0,0.0,0.0,0.0,39528.02564,29242.94936,49813.10192,10285.07628,Normal Traffic
46,57441.3187,11488.26374,545.276988,41184.78268,15412.57156,0.0,0.0,0.0,0.0,11488.26374,545.276988,41184.78268,15412.57156,0.0,0.0,0.0,0.0,11488.26374,545.276988,41184.78268,15412.57156,Normal Traffic
46,57441.31869,0.0,0.0,0.0,0.0,11488.26374,545.2769871,41184.78268,15412.57157,11488.26374,545.2769871,41184.78268,15412.57157,0.0,0.0,0.0,0.0,11488.26374,545.2769871,41184.78268,15412.57157,Normal Traffic
22,2999.327896,599.8655792,299.6152749,899.499774,189.700949,0.0,0.0,0.0,0.0,599.8655792,299.6152749,899.499774,189.700949,0.0,0.0,0.0,0.0,599.8655792,299.6152749,899.499774,189.700949,Normal Traffic
22,1199.115061,0.0,0.0,0.0,0.0,1199.115061,1199.115061,1199.115061,0.0,1199.115061,1199.115061,1199.115061,0.0,0.0,0.0,0.0,0.0,1199.115061,1199.115061,1199.115061,0.0,DDoS Traffic
46,67812.89743,3767.383191,7.774197102,46978.78989,10738.4298,0.0,0.0,0.0,0.0,3767.383191,7.774197102,46978.78989,10738.4298,0.0,0.0,0.0,0.0,3767.383191,7.774197102,46978.78989,10738.4298,Normal Traffic
46,67812.89742,0.0,0.0,0.0,0.0,5651.074785,12.48813701,46978.78989,12768.41316,5651.074785,12.48813701,46978.78989,12768.41316,0.0,0.0,0.0,0.0,5651.074785,12.48813701,46978.78989,12768.41316,Normal Traffic
22,0.0,0.0,0.0,0.0,0.0,0.0,0.0,0.0,0.0,0.0,0.0,0.0,0.0,0.0,0.0,0.0,0.0,0.0,0.0,0.0,0.0,DDoS Traffic
22,0.0,0.0,0.0,0.0,0.0,0.0,0.0,0.0,0.0,0.0,0.0,0.0,0.0,0.0,0.0,0.0,0.0,0.0,0.0,0.0,0.0,DDoS Traffic
46,48122.73515,24061.36757,10666.53854,37456.1966,13394.82903,0.0,0.0,0.0,0.0,24061.36757,10666.53854,37456.1966,13394.82903,0.0,0.0,0.0,0.0,24061.36757,10666.53854,37456.1966,13394.82903,Normal Traffic
46,48122.73513,0.0,0.0,0.0,0.0,24061.36757,10666.53853,37456.1966,13394.82904,24061.36757,10666.53853,37456.1966,13394.82904,0.0,0.0,0.0,0.0,24061.36757,10666.53853,37456.1966,13394.82904,Normal Traffic
22,8.128525972,4.064262986,0.256830931,7.871695042,3.807432055,0.0,0.0,0.0,0.0,4.064262986,0.256830931,7.871695042,3.807432055,0.256830931,0.256830931,0.256830931,0.0,7.871695042,7.871695042,7.871695042,0.0,DDoS Traffic
22,8.128520966,0.0,0.0,0.0,0.0,4.064260483,0.256822824,7.871698141,3.807437658,4.064260483,0.256822824,7.871698141,3.807437658,0.256822824,0.256822824,0.256822824,0.0,7.871698141,7.871698141,7.871698141,0.0,DDoS Traffic
46,64951.77848,21650.59283,2100.648082,44559.96131,17495.95412,0.0,0.0,0.0,0.0,21650.59283,2100.648082,44559.96131,17495.95412,0.0,0.0,0.0,0.0,21650.59283,2100.648082,44559.96131,17495.95412,Normal Traffic
46,64951.77849,0.0,0.0,0.0,0.0,32475.88924,18291.16909,46660.6094,14184.72015,32475.88924,18291.16909,46660.6094,14184.72015,0.0,0.0,0.0,0.0,32475.88924,18291.16909,46660.6094,14184.72015,Normal Traffic
46,31808.2563,7952.064075,2209.994415,17240.05619,6036.220407,0.0,0.0,0.0,0.0,7952.064075,2209.994415,17240.05619,6036.220407,0.0,0.0,0.0,0.0,7952.064075,2209.994415,17240.05619,6036.220407,Normal Traffic
46,31808.25631,0.0,0.0,0.0,0.0,7952.064077,2209.994425,17240.05619,6036.220404,7952.064077,2209.994425,17240.05619,6036.220404,0.0,0.0,0.0,0.0,7952.064077,2209.994425,17240.05619,6036.220404,Normal Traffic
